title,Format,ReleaseYear,MPAA_Rating,Price
Totally Killer,Prime Video,2023.0,R,
Guy Ritchie's The Covenant,Prime Video,2023.0,R,5.99
A Million Miles Away,Prime Video,2023.0,PG,
Kelce,Prime Video,2023.0,,
Despicable Me 3,Prime Video,2017.0,PG,
Those Who Wish Me Dead,Prime Video,2021.0,R,3.79
Renfield,Prime Video,2023.0,R,5.99
The Proposal,Prime Video,2009.0,PG-13,
Black Adam,Prime Video,2022.0,PG-13,3.79
A Thousand and One,Prime Video,2023.0,R,5.89
Pokémon Detective Pikachu,Prime Video,2019.0,PG,
Top Gun: Maverick,Prime Video,2022.0,PG-13,3.99
DC League of Super-Pets,Prime Video,2022.0,PG,3.99
Aquaman,Prime Video,2018.0,PG-13,3.79
Dungeons & Dragons: Honor Among Thieves,Prime Video,2023.0,PG-13,5.89
Mechanic: Resurrection,Prime Video,2016.0,R,
The Suicide Squad (2021),Prime Video,2021.0,R,3.79
The Batman,Prime Video,2022.0,PG-13,3.99
F9: The Fast Saga,Prime Video,2021.0,PG-13,
Sitting In Bars With Cake,Prime Video,2023.0,PG-13,
The Other Woman,Prime Video,2014.0,PG-13,
Twilight,Prime Video,2008.0,,3.99
Teenage Mutant Ninja Turtles: Mutant Mayhem | Extended Preview,Prime Video,2023.0,PG,5.99
Mike and Dave Need Wedding Dates (4K UHD),Prime Video,2016.0,R,
The Equalizer 3 - Bonus X-Ray Edition,Prime Video,2023.0,R,19.99
Pitch Perfect,Prime Video,2012.0,PG-13,
Jurassic World Dominion,Prime Video,2022.0,PG-13,3.99
Champions,Prime Video,2023.0,PG-13,5.99
Rock Dog 2: Rock Around the Park,Prime Video,2021.0,,
The Forever Purge,Prime Video,2021.0,R,
Halloween Ends,Prime Video,2022.0,R,3.99
Elvis,Prime Video,2022.0,PG-13,3.79
Meg 2: The Trench,Prime Video,2023.0,PG-13,5.99
Unhinged,Prime Video,2020.0,R,2.79
Barbie,Prime Video,2023.0,PG-13,24.99
Joker,Prime Video,2019.0,R,3.99
Smurfs: The Lost Village,Prime Video,2017.0,PG,
That's My Boy,Prime Video,2012.0,R,
The Bourne Legacy,Prime Video,2012.0,PG-13,3.79
The Spy Who Dumped Me,Prime Video,2018.0,R,
Old,Prime Video,2021.0,PG-13,
John Wick: Chapter 4,Prime Video,2023.0,R,5.99
Sicario,Prime Video,2015.0,R,
The Addams Family,Prime Video,2019.0,PG,
The Super Mario Bros. Movie - Bonus X-Ray Edition,Prime Video,2023.0,PG,5.99
My Fault,Prime Video,2023.0,,
Sonic the Hedgehog 2,Prime Video,2022.0,PG,3.89
Jonah Hex,Prime Video,2010.0,PG-13,2.99
Parker,Prime Video,2013.0,R,
The Twilight Saga: New Moon,Prime Video,2009.0,PG-13,3.99
Wonder Woman 1984,Prime Video,2020.0,PG-13,3.99
Angel Eyes,Prime Video,2001.0,R,3.59
Creed III,Prime Video,2023.0,PG-13,5.99
M3GAN,Prime Video,2023.0,PG-13,3.99
Justice League,Prime Video,2017.0,PG-13,3.79
"Red, White & Royal Blue",Prime Video,2023.0,R,
Saw,Prime Video,2004.0,R,3.79
Smile,Prime Video,2022.0,R,3.89
Love & Murder: Atlanta Playboy Part One,Prime Video,2023.0,,
Tales of Halloween,Prime Video,2015.0,,
The Addams Family 2,Prime Video,2021.0,PG,3.09
The Bourne Supremacy,Prime Video,2004.0,PG-13,3.99
Knock at the Cabin,Prime Video,2023.0,R,5.99
The Blackening,Prime Video,2023.0,R,5.99
Harlem Nights,Prime Video,1989.0,R,
Godzilla vs. Kong,Prime Video,2021.0,PG-13,3.99
The Black Phone,Prime Video,2022.0,R,4.29
Transformers: Rise of the Beasts,Prime Video,2023.0,PG-13,5.99
Suicide Squad (2016),Prime Video,2016.0,PG-13,3.79
Air,Prime Video,2023.0,R,
Red Sparrow,Prime Video,2018.0,R,
The Bourne Identity,Prime Video,2002.0,PG-13,3.59
Nope,Prime Video,2022.0,R,3.99
Everything is Both,Prime Video,2023.0,,
Memory,Prime Video,2022.0,,3.99
Freaky,Prime Video,2020.0,R,
Nobody,Prime Video,2021.0,R,
The Rebound,Prime Video,2012.0,R,
Mama,Prime Video,2013.0,PG-13,3.99
The Magic Of Belle Isle,Prime Video,2012.0,PG,2.99
Operation Fortune: Ruse de Guerre,Prime Video,2023.0,R,
Edge of Darkness,Prime Video,2010.0,R,2.99
Snapshot of Love,Prime Video,2022.0,,
Puppy Love,Prime Video,2023.0,,
Cold Pursuit,Prime Video,2019.0,,3.79
My Louisiana Sky,Prime Video,2001.0,,
Running Scared,Prime Video,2006.0,R,2.89
Devil,Prime Video,2010.0,PG-13,3.99
Wonder Woman,Prime Video,2017.0,PG-13,3.79
Interstellar,Prime Video,2014.0,PG-13,3.79
PAW Patrol: The Movie,Prime Video,2021.0,G,3.89
Ozzy,Prime Video,2017.0,G,
"The Twilight Saga: Breaking Dawn, Part 2",Prime Video,2012.0,PG-13,3.79
The Break-Up,Prime Video,2006.0,PG-13,3.99
The Tomorrow War,Prime Video,2021.0,PG-13,
No Hard Feelings,Prime Video,2023.0,R,5.99
No Time to Die,Prime Video,2021.0,PG-13,3.99
The SpongeBob Movie: Sponge Out Of Water,Prime Video,2015.0,PG,
Ticket to Paradise,Prime Video,2022.0,,4.19
Shaft (2019),Prime Video,2019.0,R,
Jigsaw,Prime Video,2017.0,R,3.99
You Asked to See the Monster,Prime Video,2023.0,,
Scooby-Doo!: The Movie,Prime Video,2002.0,PG,3.79
Mission: Impossible - Dead Reckoning Part One,Prime Video,2023.0,PG-13,19.99
Talk to Me,Prime Video,2023.0,R,4.99
Constantine,Prime Video,2005.0,R,3.99
Blacklight,Prime Video,2022.0,PG-13,3.99
Running with the Devil,Prime Video,2019.0,R,
The Post,Prime Video,2017.0,PG-13,
Watchmen,Prime Video,2009.0,R,3.79
Terrifier 2,Prime Video,2022.0,R,
The Wedding Singer,Prime Video,1998.0,PG-13,3.39
Mission: Impossible - Dead Reckoning Part One,Prime Video,2023.0,PG-13,19.99
The Lost City,Prime Video,2022.0,PG-13,3.89
Running with the Devil,Prime Video,2019.0,R,
Fantastica: A Boonie Bears Adventure,Prime Video,2019.0,G,
Howard's Mill,Prime Video,2021.0,,0.99
The Nun II,Prime Video,2023.0,R,19.99
Baked With a Kiss,Prime Video,2023.0,G,
The Jungle Bunch,Prime Video,2017.0,,
80 for Brady,Prime Video,2023.0,PG-13,5.99
Scream VI,Prime Video,2023.0,R,5.99
Scooby-Doo!: The Movie,Prime Video,2002.0,PG,3.79
Dog,Prime Video,2022.0,PG-13,5.99
Shazam!,Prime Video,2019.0,PG-13,3.79
Pavement,Prime Video,2002.0,R,
The Equalizer,Prime Video,2014.0,R,3.59
Driving Miss Daisy,Prime Video,1990.0,PG,2.89
M3GAN (Unrated),Prime Video,2023.0,PG-13,3.99
Saw II,Prime Video,2005.0,R,3.99
PAW Patrol: Mighty Pups,Prime Video,2018.0,,4.99
Grace of Monaco,Prime Video,2014.0,,
Act of Valor,Prime Video,2012.0,R,
Observe and Report,Prime Video,2009.0,R,2.99
Indiana Jones and the Dial of Destiny (Bonus Content and X-Ray Features),Prime Video,2023.0,PG-13,19.99
Tom & Jerry,Prime Video,2021.0,PG,3.79
"Love & Murder: Atlanta Playboy, Pt. 2",Prime Video,2023.0,,
The Hot Chick,Prime Video,2002.0,PG-13,
Greater,Prime Video,2016.0,PG,
Extraction,Prime Video,2015.0,R,3.79
Saw III,Prime Video,2006.0,R,3.99
Fools Rush In,Prime Video,1997.0,PG-13,3.59
Legally Blonde,Prime Video,2001.0,PG-13,
Blitz,Prime Video,2011.0,R,
Saw III,Prime Video,2006.0,R,3.99
Twilight Saga: Breaking Dawn Part 1,Prime Video,2011.0,PG-13,3.79
Blitz,Prime Video,2011.0,R,
Fools Rush In,Prime Video,1997.0,PG-13,3.59
Puss in Boots,Prime Video,2011.0,PG,
Amy's F It List,Prime Video,2023.0,,3.99
One for the Money,Prime Video,2012.0,PG-13,
10 YEARS,Prime Video,2012.0,PG-13,3.99
Violent Night,Prime Video,2022.0,R,4.19
Blood and Money,Prime Video,2020.0,,
Sisu,Prime Video,2023.0,R,5.99
The Peanut Butter Falcon,Prime Video,2019.0,PG-13,3.99
Beast,Prime Video,2022.0,R,3.99
Bewitched,Prime Video,2005.0,,3.99
The Night Clerk,Prime Video,2020.0,R,
Wild Target,Prime Video,2010.0,PG-13,3.99
Teenage Mutant Ninja Turtles,Prime Video,2014.0,PG-13,
The Secret: Dare to Dream,Prime Video,2020.0,PG,3.99
"Legally Blonde 2: Red, White & Blonde",Prime Video,2003.0,PG-13,
Leap!,Prime Video,2017.0,PG,
The Darkest Minds,Prime Video,2018.0,PG-13,
Green Lantern,Prime Video,2011.0,PG-13,2.89
The Pig Farm,Prime Video,2011.0,,
Mars Attacks!,Prime Video,1996.0,PG-13,3.79
The Watch,Prime Video,2012.0,R,
Blow,Prime Video,2001.0,R,
The Birdcage,Prime Video,1996.0,R,
Deadly Entanglement,Prime Video,2023.0,,
Solace,Prime Video,2016.0,R,3.79
Hercules (2014),Prime Video,2014.0,PG-13,
2 Guns,Prime Video,2013.0,R,2.99
Clifford the Big Red Dog,Prime Video,2021.0,PG,3.89
Army of Darkness,Prime Video,1993.0,R,3.99
Riddick,Prime Video,2013.0,R,3.59
For Love Of The Game,Prime Video,1999.0,PG-13,3.79
To Freedom,Prime Video,2023.0,,
Abbott and Costello Meet Frankenstein,Prime Video,1948.0,,3.79
The Pig Farm,Prime Video,2011.0,,
No One Lives,Prime Video,2013.0,R,
Horsemen (2009),Prime Video,2009.0,R,
The Lincoln Lawyer,Prime Video,2011.0,R,3.79
The Little Things,Prime Video,2021.0,R,2.99
Batman v Superman: Dawn of Justice,Prime Video,2016.0,PG-13,3.99
Alex Cross,Prime Video,2012.0,PG-13,3.99
Blue Beetle,Prime Video,2023.0,PG-13,19.99
Jailer,Prime Video,2023.0,,
Transformers: Age Of Extinction,Prime Video,2014.0,PG-13,
King Richard,Prime Video,2021.0,PG-13,3.79
Son of Bigfoot,Prime Video,2018.0,PG,
DIVINE INTERVENTION,Prime Video,2023.0,,
Wild Target,Prime Video,2010.0,PG-13,3.99
Coraline,Prime Video,2009.0,PG,2.99
The Flash,Prime Video,2023.0,PG-13,5.99
Moneyball,Prime Video,2011.0,PG-13,3.59
Storm Warning,Prime Video,2007.0,R,
Miles and Lies,Prime Video,2023.0,,
Picture This,Prime Video,2008.0,PG-13,
Scooby-Doo 2: Monsters Unleashed,Prime Video,2004.0,PG,3.79
Fled,Prime Video,1996.0,R,
Gran Turismo: Based on a True Story - Bonus X-Ray Edition,Prime Video,2023.0,PG-13,14.99
Candyman,Prime Video,2021.0,R,3.99
Monster High 2,Prime Video,2023.0,,
Pixels,Prime Video,2015.0,PG-13,3.99
Skin: A History of Nudity in the Movies,Prime Video,2020.0,,
Dr. No,Prime Video,1962.0,PG,
Hoodlum,Prime Video,1997.0,R,
Miles and Lies,Prime Video,2023.0,,
Beetlejuice,Prime Video,1988.0,,3.79
After.Life,Prime Video,2009.0,R,
Jailer,Prime Video,2023.0,,
A Quiet Place Part II,Prime Video,2021.0,PG-13,3.29
Quest for Fire,Prime Video,1982.0,R,3.99
Braven,Prime Video,2018.0,R,
Widows,Prime Video,2018.0,R,
The Sisterhood of the Traveling Pants,Prime Video,2005.0,PG,3.79
jackass forever,Prime Video,2022.0,R,2.79
Saw IV,Prime Video,2007.0,R,3.99
Contraband,Prime Video,2012.0,R,
A-X-L,Prime Video,2018.0,PG,
My Big Fat Greek Wedding 3,Prime Video,2023.0,PG-13,19.99
Nacho Libre,Prime Video,2006.0,PG,3.99
Batman v Superman: Dawn Of Justice Ultimate Edition,Prime Video,2016.0,R,3.99
The Super,Prime Video,1991.0,R,
Killers,Prime Video,2010.0,PG-13,3.59
Dear Zoe,Prime Video,2022.0,R,5.99
Insidious: The Red Door,Prime Video,2023.0,PG-13,5.99
Deep Blue Sea,Prime Video,1999.0,R,3.79
Kick-Ass 2,Prime Video,2013.0,R,
The Ranch,Prime Video,2004.0,R,
The Day After Tomorrow,Prime Video,2004.0,PG-13,3.79
The Ride,Prime Video,2020.0,PG-13,
The Infiltrator,Prime Video,2016.0,R,2.89
Friday,Prime Video,1995.0,R,
A-X-L,Prime Video,2018.0,PG,
Dr. No,Prime Video,1962.0,PG,
Coneheads,Prime Video,1993.0,PG,3.39
Coneheads,Prime Video,1993.0,PG,3.39
The Ride,Prime Video,2020.0,PG-13,
The Infiltrator,Prime Video,2016.0,R,2.89
Scream,Prime Video,2022.0,R,3.29
Pretty Crazy,Prime Video,2023.0,,
Red Eye,Prime Video,2005.0,PG-13,3.79
Texas Killing Fields,Prime Video,2011.0,R,
Suicide Squad (Extended Cut),Prime Video,2016.0,PG-13,14.99
Remember Me,Prime Video,2010.0,PG-13,
Come Play,Prime Video,2020.0,,
My Spy,Prime Video,2020.0,PG-13,
Finding You,Prime Video,2021.0,PG,3.99
Maya The Bee,Prime Video,2015.0,G,
Spider-Man: Across The Spider-Verse - Bonus X-Ray Edition,Prime Video,2023.0,PG,5.99
Medusa's Mystery,Prime Video,2019.0,,
Daisies In December,Prime Video,1995.0,,
Last Night in Soho,Prime Video,2021.0,R,
13 Hours,Prime Video,2016.0,R,3.79
Killer Klowns from Outer Space,Prime Video,1988.0,PG-13,
The Chronicles of Riddick,Prime Video,2004.0,PG-13,3.79
October Sky,Prime Video,1999.0,PG,3.79
Casino Royale,Prime Video,2006.0,PG-13,3.89
Daisies In December,Prime Video,1995.0,,
Mean Girls,Prime Video,2004.0,PG-13,3.79
Transporter 3,Prime Video,2008.0,PG-13,3.79
Land,Prime Video,2021.0,PG-13,
Left Behind,Prime Video,2014.0,PG-13,
Medusa's Mystery,Prime Video,2019.0,,
Skyfall,Prime Video,2012.0,PG-13,3.99
Wrath of Becky,Prime Video,2023.0,R,
Woman in Gold,Prime Video,2015.0,PG-13,3.99
The Punisher,Prime Video,2004.0,R,3.79
Igor,Prime Video,2008.0,PG,
Drag Me To Hell,Prime Video,2009.0,PG-13,3.79
Summer Rental,Prime Video,1985.0,PG,3.79
Kung Food,Prime Video,2021.0,,
Charlotte's Web,Prime Video,2006.0,G,3.79
Chaos,Prime Video,2008.0,R,
Rise of the Planet of the Apes,Prime Video,2011.0,PG-13,3.99
The Mask,Prime Video,1994.0,PG-13,
The Cutting Edge: Chasing The Dream,Prime Video,2008.0,PG-13,
Before We Go,Prime Video,2015.0,PG-13,
Maleficent (Theatrical),Prime Video,2014.0,PG,3.79
Case 39,Prime Video,2010.0,R,3.99
Rumble,Prime Video,2021.0,PG,3.99
Get Close,Prime Video,2023.0,,
Promising Young Woman,Prime Video,2020.0,R,
Deadfall,Prime Video,2021.0,R,
October Sky,Prime Video,1999.0,PG,3.79
Rumble,Prime Video,2021.0,PG,3.99
Get Close,Prime Video,2023.0,,
Promising Young Woman,Prime Video,2020.0,R,
Case 39,Prime Video,2010.0,R,3.99
The Gambler,Prime Video,2014.0,R,
Just Getting Started,Prime Video,2017.0,PG-13,
Daniel Tiger's Neighborhood: Tiger Family Trip,Prime Video,2012.0,G,2.29
Saving Christmas Spirit,Prime Video,2022.0,,
Valerian and the City of a Thousand Planets,Prime Video,2017.0,,
Riding The Bullet,Prime Video,2004.0,R,3.79
Aurora Teagarden Mysteries: Haunted By Murder,Prime Video,2022.0,,
The Shape of Water,Prime Video,2017.0,R,
The Other End of the Line,Prime Video,2008.0,PG-13,4.29
J.D.'s Revenge,Prime Video,1976.0,R,
Steve and Maggie - Spooktacular Special (Vol. 14),Prime Video,2021.0,,0.99
Doubting Thomas,Prime Video,2018.0,,
PAW Patrol: Moto Pups,Prime Video,,,
The Name of the Rose,Prime Video,1986.0,R,3.99
The SpongeBob SquarePants Movie,Prime Video,2004.0,PG,3.79
Woman in Gold,Prime Video,2015.0,PG-13,3.99
Let Him Go,Prime Video,2020.0,R,
The Finest Hour,Prime Video,1992.0,R,
Little Italy,Prime Video,2018.0,R,
"Yours, Mine & Ours",Prime Video,2005.0,,3.99
Domestic Disturbance,Prime Video,2001.0,PG-13,
Sid is Dead,Prime Video,2023.0,,2.99
The Little Vampire,Prime Video,2017.0,,3.79
Hot Tub Time Machine 2,Prime Video,2015.0,R,
Harry Potter and the Sorcerer's Stone,Prime Video,2001.0,PG,3.79
Monster High The Movie,Prime Video,2022.0,,7.99
Overlord,Prime Video,2018.0,R,3.59
Overlord,Prime Video,2018.0,R,3.59
Monster Family,Prime Video,2018.0,PG,
Dracula,Prime Video,1931.0,,3.59
A Royal In Paradise,Prime Video,2023.0,,
The Little Vampire,Prime Video,2017.0,,3.79
Where the Buffalo Roam,Prime Video,1980.0,R,3.59
Quantum of Solace,Prime Video,2008.0,PG-13,3.99
Cop Shop,Prime Video,2021.0,R,
Jurassic World,Prime Video,2015.0,PG-13,3.79
Saw V,Prime Video,2008.0,,3.99
A Haunted House,Prime Video,2013.0,,
Jesse Stone: No Remorse,Prime Video,2010.0,,3.59
White Boy Rick,Prime Video,2018.0,R,3.99
Interstellar,Prime Video,2014.0,PG-13,
Honest Thief,Prime Video,2020.0,PG-13,3.99
Tulsa,Prime Video,2020.0,PG-13,
Alexandria,Prime Video,2010.0,,
The Girl with All the Gifts,Prime Video,2017.0,R,
Honest Thief,Prime Video,2020.0,PG-13,3.99
Break Every Chain,Prime Video,2023.0,,2.99
Jack Reacher,Prime Video,2012.0,PG-13,3.99
The Fog (1980),Prime Video,1980.0,R,
She's Out of My League,Prime Video,2010.0,R,3.19
High Ground,Prime Video,2021.0,,2.99
The SpongeBob Movie: Sponge on the Run,Prime Video,2021.0,PG,3.99
The Murders in the Rue Morgue,Prime Video,1986.0,PG,
Tulsa,Prime Video,2020.0,PG-13,
The Super Mario Bros. Movie (Blu-Ray + DVD + Digital),Blu-ray,,,12.99
"PAW Patrol: Ready, Race, Rescue",Prime Video,2019.0,,4.49
Dirty Dancing,Prime Video,1987.0,PG-13,
The Crucifixion,Prime Video,2017.0,R,
Robocop (2014),Prime Video,2014.0,PG-13,3.89
Scary Stories to Tell in the Dark,Prime Video,2019.0,PG-13,3.79
Interstellar,Prime Video,2014.0,PG-13,
Where the Buffalo Roam,Prime Video,1980.0,R,3.59
Luce,Prime Video,2019.0,R,3.99
Jesse Stone: Thin Ice,Prime Video,2009.0,,3.59
The Addams Family,Prime Video,1991.0,PG-13,2.89
Danger Close,Prime Video,2019.0,R,
A Princess for Christmas,Prime Video,2011.0,,
So Undercover,Prime Video,2013.0,PG-13,
Anne & Mary Boleyn - A Tale of Two Sisters,Prime Video,2018.0,,
The Big Lebowski,Prime Video,1998.0,,
Punisher: War Zone,Prime Video,2008.0,R,3.99
Saw 5 (Unrated),Prime Video,2008.0,,3.99
Radio Rebel,Prime Video,2012.0,PG-13,
Janky Promoters,Prime Video,2009.0,R,
Ghostbusters: Afterlife,Prime Video,2021.0,PG-13,12.99
Daylight's End,Prime Video,2016.0,,
Wish You Well,Prime Video,2015.0,,
Jesse Stone: Innocents Lost,Prime Video,2011.0,,3.59
Satyaprem Ki Katha,Prime Video,2023.0,,
A Better Life,Prime Video,2011.0,PG-13,3.99
Sonic the Hedgehog,Prime Video,2020.0,PG,3.79
Orphan: First Kill,Prime Video,2022.0,R,3.99
Point Break,Prime Video,1991.0,R,
Identity Thief,Prime Video,2013.0,R,3.99
Venom: Let There Be Carnage,Prime Video,2021.0,PG-13,3.99
Bad Boys for Life,Prime Video,2020.0,R,3.99
The Commuter,Prime Video,2018.0,PG-13,3.79
Unfriended: Dark Web,Prime Video,2018.0,R,
Dr. Seuss' Cat In The Hat,Prime Video,2003.0,PG,3.79
The Voices,Prime Video,2015.0,R,
Captive State,Prime Video,2019.0,PG-13,3.79
She's The Man,Prime Video,2006.0,PG-13,
Gotti,Prime Video,2018.0,R,2.99
Oculus,Prime Video,2014.0,R,
Blacktop,Prime Video,2000.0,R,
News of the World,Prime Video,2020.0,PG-13,
Robert the Bruce,Prime Video,2019.0,,
The Last Witch Hunter,Prime Video,2015.0,PG-13,
Mrs. Harris Goes to Paris,Prime Video,2022.0,PG,3.99
The Possession Of Hannah Grace,Prime Video,2018.0,R,
3 Days to Kill,Prime Video,2014.0,R,
Women Talking,Prime Video,2022.0,PG-13,5.29
The Contractor,Prime Video,2022.0,R,3.69
Elsa & Fred,Prime Video,2014.0,PG-13,
Shooter,Prime Video,2007.0,R,3.09
Snake Eyes: G.I. Joe Origins,Prime Video,2021.0,,3.99
Bedurulanka 2012,Prime Video,2023.0,,
Drumline,Prime Video,2002.0,,3.99
Halloween,Prime Video,1978.0,R,
Warrior,Prime Video,2011.0,PG-13,
A Rainy Day in New York,Prime Video,2020.0,,1.99
Scary Stories to Tell in the Dark,Prime Video,2019.0,PG-13,3.79
Honor Society,Prime Video,2022.0,,3.39
Is Genesis History?,Prime Video,2022.0,,
2001: A Space Odyssey,Prime Video,1970.0,G,3.79
Win a Date with Tad Hamilton!,Prime Video,2004.0,PG-13,3.79
Inglourious Basterds,Prime Video,2009.0,R,4.29
Joe Bell,Prime Video,2021.0,R,2.99
Superhero Movie,Prime Video,2008.0,PG-13,
Blacktop,Prime Video,2000.0,R,
A Turtle's Tale: Sammy's Adventures,Prime Video,2012.0,PG,
Sixteen Candles,Prime Video,1984.0,PG,
Stealth,Prime Video,2005.0,PG-13,3.99
Daddy's Home,Prime Video,2015.0,PG-13,2.89
Jeepers Creepers 2,Prime Video,2003.0,R,
Is Genesis History?,Prime Video,2022.0,,
SAW 6 (Unrated),Prime Video,2009.0,,3.99
Guns Akimbo,Prime Video,2020.0,R,
2001: A Space Odyssey,Prime Video,1970.0,G,3.79
Fear the Night,Prime Video,2023.0,,1.99
A Turtle's Tale: Sammy's Adventures,Prime Video,2012.0,PG,
Secret Window,Prime Video,2004.0,PG-13,3.99
The Legend of Sleepy Hollow,Prime Video,1999.0,,
Burnt,Prime Video,2015.0,R,
Stealth,Prime Video,2005.0,PG-13,3.99
Stephen King's A Good Marriage,Prime Video,2014.0,R,
El Dorado,Prime Video,1967.0,,3.99
The Wolf Man (1941),Prime Video,1941.0,,3.79
The Wrong Mother,Prime Video,2017.0,,
The Longest Yard (2005),Prime Video,2005.0,PG-13,
Win a Date with Tad Hamilton!,Prime Video,2004.0,PG-13,3.79
Snowpiercer,Prime Video,2014.0,R,3.99
Mystery of the 13th Guest,Prime Video,1943.0,,
Illumination Presents: Dr. Seuss' The Grinch,Prime Video,2018.0,PG,3.79
Seven Days In Utopia,Prime Video,2011.0,,1.99
The System,Prime Video,2022.0,R,2.99
Saw VI,Prime Video,2009.0,R,3.99
She Said,Prime Video,2022.0,R,3.99
PAW Patrol: Jet to the Rescue,Prime Video,2020.0,,3.99
The Violent Heart,Prime Video,2021.0,,2.99
Kandahar (2023),Prime Video,2023.0,R,5.99
Plus One At an Amish Wedding,Prime Video,2022.0,,
Fast X - Bonus X-Ray Edition,Prime Video,2023.0,PG-13,5.99
The Whale,Prime Video,2022.0,R,
Plane,Prime Video,2023.0,R,5.99
Tucker & Dale vs Evil,Prime Video,2010.0,R,2.89
Friends till death,Prime Video,2023.0,,
Homefront,Prime Video,2013.0,R,3.79
I Can Only Imagine,Prime Video,2018.0,PG,3.99
The House Next Door: Meet the Blacks 2,Prime Video,2021.0,R,3.99
Crown Vic,Prime Video,2019.0,R,
I Want You Back,Prime Video,2022.0,R,
Quigley Down Under,Prime Video,1990.0,PG-13,
South Beach Love,Prime Video,2022.0,,1.99
Megan Leavey,Prime Video,2017.0,PG-13,3.99
Nerve,Prime Video,2016.0,PG-13,
The Back Up Plan,Prime Video,2010.0,PG-13,3.99
IN YOUR DREAMS,Prime Video,2023.0,,
Daddy's Home 2,Prime Video,2017.0,PG-13,3.79
Hansel & Gretel: Witch Hunters,Prime Video,2013.0,R,
Death in Texas,Prime Video,2021.0,,2.99
Lord of War,Prime Video,2005.0,R,
The Meg,Prime Video,2018.0,PG,3.99
Children Of Men,Prime Video,2007.0,R,3.79
Daddy's Home 2,Prime Video,2017.0,PG-13,3.79
New York Minute,Prime Video,2004.0,PG,2.99
"Hailey Dean Mysteries: Murder, with Love",Prime Video,2019.0,,
And So It Goes,Prime Video,2014.0,PG-13,
MORGAN,Prime Video,2016.0,R,
Lila and Eve,Prime Video,2015.0,R,
Crown Vic,Prime Video,2019.0,R,
Meet The Blacks,Prime Video,2016.0,R,3.79
Season Of Fear,Prime Video,,,
Jurassic Park,Prime Video,1993.0,PG-13,3.99
Dances with Wolves,Prime Video,1990.0,PG-13,3.89
Mystery 101: Pilot,Prime Video,2019.0,,2.89
Step Up,Prime Video,2006.0,PG-13,3.99
Lord of War,Prime Video,2005.0,R,
Jumanji: The Next Level,Prime Video,2019.0,PG-13,3.99
And So It Goes,Prime Video,2014.0,PG-13,
Joy Ride,Prime Video,2023.0,R,5.99
Sapta Sagaradaache Ello - Side A,Prime Video,2023.0,,
Hall Pass (2011),Prime Video,2011.0,R,2.89
Spirit: Stallion of the Cimarron,Prime Video,2002.0,G,3.99
Beastly,Prime Video,2011.0,PG-13,
Lila and Eve,Prime Video,2015.0,R,
All Nighter,Prime Video,2017.0,R,
MORGAN,Prime Video,2016.0,R,
Season Of Fear,Prime Video,,,
K-19: The Widowmaker,Prime Video,2002.0,PG-13,
The Mummy (1932),Prime Video,1932.0,,3.99
Tracks,Prime Video,2013.0,PG-13,
Inglourious Basterds,Prime Video,2009.0,R,4.29
Wicker Park,Prime Video,2004.0,PG-13,
Sapta Sagaradaache Ello - Side A,Prime Video,2023.0,,
Escape from Pretoria,Prime Video,2020.0,PG-13,
The Silencing,Prime Video,2020.0,R,3.99
Get The Gringo,Prime Video,2012.0,R,
Death and Back 1,Prime Video,2022.0,,
Legally Blonde,Prime Video,2001.0,PG-13,3.49
The Last Witch Hunter,Prime Video,2015.0,PG-13,
Scouts Guide to the Zombie Apocalypse,Prime Video,2015.0,R,
Desperado,Prime Video,1995.0,R,3.59
Blippi - Explore With Blippi and Learn About Vehicles,Prime Video,2014.0,,0.99
Apocalypto,Prime Video,2006.0,R,12.99
Hell House LLC,Prime Video,2016.0,,1.99
The Wolf of Wall Street,Prime Video,2013.0,R,3.69
The Secret Life of the Cruise,Prime Video,2018.0,,
Spider-Man: No Way Home,Prime Video,2021.0,PG-13,12.99
Alpha,Prime Video,2018.0,PG-13,3.89
The Wolf of Wall Street,Prime Video,2013.0,R,3.69
The Secret Life of the Cruise,Prime Video,2018.0,,
Young Guns,Prime Video,1988.0,R,
American Renegades,Prime Video,2018.0,,2.99
Blackbear,Prime Video,2023.0,,
SuperFly,Prime Video,2018.0,R,3.59
Boondock Saints,Prime Video,2000.0,R,2.99
Storming Juno,Prime Video,2010.0,,
Escape from New York,Prime Video,1981.0,R,
Harry Potter and the Chamber of Secrets,Prime Video,2002.0,PG,3.79
I Love You Phillip Morris,Prime Video,2011.0,R,3.99
In the Electric Mist,Prime Video,2009.0,R,2.99
Crazy on the Outside,Prime Video,2010.0,PG-13,
Stolen From the Suburbs,Prime Video,2015.0,,
Home Alone,Prime Video,1990.0,PG,3.79
The Hornet's Nest,Prime Video,2014.0,R,2.99
The Resident,Prime Video,2011.0,R,2.99
I Still See You,Prime Video,2018.0,PG-13,
The Note 2: Taking a Chance on Love,Prime Video,2009.0,,
The Russia House,Prime Video,1990.0,,
A Force of One,Prime Video,1979.0,PG,
Wild Oats,Prime Video,2016.0,PG-13,
Escape from Pretoria,Prime Video,2020.0,PG-13,
Benny Loves You,Prime Video,2019.0,,
The Winds of Kitty Hawk,Prime Video,1978.0,,
The Note,Prime Video,2007.0,,
Step Up,Prime Video,2006.0,PG-13,3.99
Skin In The Game,Prime Video,2019.0,,
The Family I Had,Prime Video,2017.0,,
Cartoon Classics - Vol. 5: 25 Favorite Cartoons - 3 Hours,Prime Video,2018.0,,
Tenth Man,Prime Video,1988.0,,
The Mask of Zorro,Prime Video,1998.0,PG-13,3.99
National Lampoon's Van Wilder,Prime Video,2002.0,R,
Only,Prime Video,2020.0,,3.99
The Impossible,Prime Video,2013.0,PG-13,
The Secret In Their Eyes,Prime Video,2010.0,R,3.59
Wrongfully Accused,Prime Video,1998.0,PG-13,
Baywatch,Prime Video,2017.0,R,3.39
The Daniel Tiger Movie: Won't You Be Our Neighbor?,Prime Video,2018.0,G,3.99
The Curse of La Llorona,Prime Video,2019.0,R,3.99
First Emperor: The Man Who Made China,Prime Video,,,
Dr. Seuss' How the Grinch Stole Christmas,Prime Video,2000.0,PG,3.59
The Devil Comes At Night,Prime Video,2023.0,,1.99
Saw 4 (Unrated),Prime Video,2007.0,R,3.99
Dear Evan Hansen,Prime Video,2021.0,PG-13,
Jurassic Park,Prime Video,1993.0,PG-13,3.99
Greenland,Prime Video,2020.0,PG-13,
Mystery 101: Pilot,Prime Video,2019.0,,2.89
One Night With The King,Prime Video,2006.0,PG-13,1.99
Lawless,Prime Video,2012.0,R,3.99
Avatar: The Way of Water,Prime Video,2022.0,PG-13,5.99
House of Gucci,Prime Video,2021.0,R,4.29
If I Stay,Prime Video,2014.0,PG-13,3.99
About Fate,Prime Video,2022.0,R,3.99
Dawning,Prime Video,2022.0,,
From Russia with Love,Prime Video,1964.0,PG,
A Cape Cod Christmas,Prime Video,2021.0,PG,
Spy,Prime Video,,,
Timecop,Prime Video,1994.0,R,
Addams Family Values,Prime Video,1993.0,PG-13,2.89
The Yards,Prime Video,2000.0,R,3.99
Goldeneye,Prime Video,1995.0,PG-13,
Eminem AKA,Prime Video,2022.0,,
"Daniel Tiger's Neighborhood: You Are Special, Daniel Tiger!",Prime Video,2012.0,G,3.99
The Other Guys,Prime Video,2010.0,PG-13,
Red (4K UHD),Prime Video,2010.0,PG-13,3.99
Pinkfong 50 Best Hits: Baby Shark and More,Prime Video,2019.0,,1.99
22 Jump Street,Prime Video,2014.0,R,3.59
The Cutting Edge: Going For The Gold,Prime Video,2006.0,PG-13,
Black Snake Moan,Prime Video,2007.0,R,
Catwoman,Prime Video,2004.0,PG-13,2.89
All About the Benjamins,Prime Video,2002.0,R,2.99
Shock and Awe,Prime Video,2018.0,R,2.99
Ghost Story,Prime Video,1981.0,R,3.79
What's The Worst That Could Happen?,Prime Video,2001.0,PG-13,
The Ambush,Prime Video,2021.0,R,
Spider-Man: No Way Home (Extended Version),Prime Video,2022.0,PG-13,14.99
9/11: Minute by Minute,Prime Video,2021.0,,2.99
Finding Faith,Prime Video,2013.0,,
The Longest Month,Prime Video,2022.0,,
Spider-Man: No Way Home (Extended Version),Prime Video,2022.0,PG-13,14.99
Home Alone 2: Lost in New York,Prime Video,1992.0,PG,3.99
The Spiderwick Chronicles,Prime Video,2008.0,PG,
The Cutting Edge: Going For The Gold,Prime Video,2006.0,PG-13,
Code of the Assassins,Prime Video,2023.0,,3.99
Hands Up,Prime Video,2021.0,,
Egypt: A Sunken City,Prime Video,2012.0,,
The Last Samurai,Prime Video,2003.0,,3.99
Black Snake Moan,Prime Video,2007.0,R,
What's The Worst That Could Happen?,Prime Video,2001.0,PG-13,
The Dirty 3rd: Next Generation,Prime Video,2023.0,,4.99
Back in the Day,Prime Video,2005.0,R,
Harry Potter and the Goblet of Fire,Prime Video,2005.0,PG-13,3.79
Train to Busan,Prime Video,2016.0,,
Bad Times at The El Royale,Prime Video,2018.0,R,
Burning Bright,Prime Video,2010.0,PG-13,
About My Father,Prime Video,2023.0,PG-13,5.99
Clueless,Prime Video,1995.0,PG-13,3.79
How to Lose a Guy in 10 Days,Prime Video,2003.0,,3.99
It,Prime Video,2017.0,R,
Sabotage,Prime Video,2014.0,R,3.79
The Equalizer 2,Prime Video,2018.0,R,3.59
Forsaken (2014),Prime Video,2016.0,R,
Happy People: A Year in the Taiga,Prime Video,2013.0,,
Back in the Day,Prime Video,2005.0,R,
Mission: Impossible - Rogue Nation,Prime Video,2015.0,PG-13,3.39
Puss in Boots,Prime Video,2011.0,PG,3.79
The Librarian: Quest for the Spear,Prime Video,2004.0,,
Untouchables,Prime Video,1987.0,R,3.79
Love In Bloom,Prime Video,2022.0,PG,
Maya The Bee 3: The Golden Orb,Prime Video,2021.0,,
My Husband's Double Life,Prime Video,2002.0,,
Love In Bloom,Prime Video,2022.0,PG,
Tesla,Prime Video,2016.0,,3.99
Tyler Perry's Why Did I Get Married Too?,Prime Video,2010.0,PG-13,
Freddy vs. Jason,Prime Video,2003.0,,
County Line,Prime Video,2017.0,PG,
Teenage Mutant Ninja Turtles: Out of the Shadows,Prime Video,2016.0,PG-13,3.39
Need For Speed (Theatrical),Prime Video,2014.0,PG-13,3.79
Anna,Prime Video,2019.0,R,
Once Bitten,Prime Video,1985.0,PG-13,
Family Camp,Prime Video,2022.0,PG,3.79
Things To Do In Denver When You're Dead,Prime Video,1995.0,,3.99
The Librarian: Quest for the Spear,Prime Video,2004.0,,
Happy People: A Year in the Taiga,Prime Video,2013.0,,
12 Feet Deep: Trapped Sisters,Prime Video,2017.0,,0.89
Woman Of Straw,Prime Video,1964.0,,
Take Care,Prime Video,2014.0,,
Wildflower,Prime Video,1991.0,,
Proud Mary,Prime Video,2018.0,R,3.89
Steven Michael Quezada: The New Mexican,Prime Video,2022.0,,
The Equalizer 2,Prime Video,2018.0,R,3.59
Daniel Visits a New Neighborhood,Prime Video,2022.0,,1.99
Suicide Squad,Prime Video,2016.0,PG-13,
Bodies Bodies Bodies,Prime Video,2022.0,R,4.69
John Tucker Must Die,Prime Video,2006.0,PG-13,3.79
Twisted,Prime Video,2004.0,R,3.29
Along with the Gods: The Two Worlds,Prime Video,2017.0,,
The Conjuring: The Devil Made Me Do It,Prime Video,2021.0,R,
Bent,Prime Video,2018.0,R,
Everything Everywhere All At Once,Prime Video,2022.0,R,3.99
The Next Three Days,Prime Video,2010.0,PG-13,3.79
Sabotage,Prime Video,2014.0,R,3.79
Up in Smoke,Prime Video,1978.0,R,3.79
Tomorrow Is Forever,Prime Video,1946.0,,
Finders Keepers,Prime Video,2014.0,R,
MFKZ,Prime Video,2018.0,R,3.99
Respect,Prime Video,2021.0,PG-13,3.99
For Your Eyes Only,Prime Video,1981.0,PG,3.99
Catwoman,Prime Video,2004.0,PG-13,2.89
The Green Hornet,Prime Video,2011.0,PG-13,
Stalin's Executioners: The Katyn Massacre,Prime Video,2023.0,,
Fatal Attraction,Prime Video,1987.0,R,
The Pianist,Prime Video,2003.0,R,9.99
Beethoven,Prime Video,1992.0,PG,3.79
The Firm,Prime Video,1993.0,R,3.99
The Day of the Jackal,Prime Video,1973.0,PG,3.79
The Truman Show,Prime Video,1998.0,PG,3.79
Lansky,Prime Video,2021.0,R,2.99
X,Prime Video,2022.0,R,3.59
10 Cloverfield Lane,Prime Video,2016.0,PG-13,3.99
Intersection,Prime Video,1994.0,R,3.79
Blade,Prime Video,1998.0,R,
The Way Home,Prime Video,2016.0,PG,
9/11: Minute by Minute,Prime Video,2021.0,,2.99
The Crow: Salvation,Prime Video,2000.0,R,
Red (4K UHD),Prime Video,2010.0,PG-13,3.99
Christmas with Felicity,Prime Video,2021.0,,
That Awkward Moment,Prime Video,2014.0,R,
Jules,Prime Video,2023.0,PG-13,5.99
Zombieland: Double Tap,Prime Video,2019.0,R,3.59
Mad Max,Prime Video,1980.0,R,
Mission: Impossible - Fallout,Prime Video,2018.0,PG-13,3.79
Rango,Prime Video,2011.0,PG,3.99
Back to School,Prime Video,1986.0,PG-13,3.49
That Awkward Moment,Prime Video,2014.0,R,
Rango,Prime Video,2011.0,PG,3.99
The Nun II Extended Preview,Prime Video,2023.0,,
X,Prime Video,2022.0,R,3.59
Cobweb,Prime Video,2023.0,R,5.99
Batman (1989),Prime Video,1989.0,PG-13,2.99
Godzilla vs. Kong,Prime Video,2021.0,PG-13,
According To Greta,Prime Video,2009.0,PG-13,
¿Quieres ser mi hijo?,Prime Video,2023.0,,
Look Away,Prime Video,2018.0,,2.99
Thunderball,Prime Video,1965.0,PG,3.89
Impact Winter: An Audible Original Audio Series,Prime Video,2022.0,,
Zack And Miri Make A Porno,Prime Video,2008.0,R,3.79
Jewel,Prime Video,2001.0,,
The Boogeyman,Prime Video,2023.0,PG-13,5.99
Our Friend,Prime Video,2021.0,R,3.99
The Earthing Movie,Prime Video,2017.0,,
The Program,Prime Video,1993.0,R,3.79
A Bride for Christmas,Prime Video,2012.0,,2.99
Death Becomes Her,Prime Video,1992.0,PG-13,3.79
Lucy,Prime Video,2014.0,R,
Unseen,Prime Video,2023.0,,
The Outsider,Prime Video,2002.0,R,
American Gothic,Prime Video,1988.0,R,
Being Frank,Prime Video,2019.0,R,
Susie's Hope,Prime Video,2014.0,PG-13,
Jamesy Boy,Prime Video,2014.0,,2.99
Waterworld,Prime Video,1995.0,PG-13,3.79
The Imposter,Prime Video,2012.0,R,
Halloween II,Prime Video,1981.0,,3.99
"Six Days, Seven Nights",Prime Video,1998.0,PG-13,
The King's Daughter,Prime Video,2022.0,PG,
A Good Person,Prime Video,2023.0,R,5.99
ParaNorman,Prime Video,2012.0,PG,3.59
Mr. Church,Prime Video,2016.0,PG-13,
The Imposter,Prime Video,2012.0,R,
American Gothic,Prime Video,1988.0,R,
Halloween II,Prime Video,1981.0,,3.99
Rabbit Hole,Prime Video,2011.0,PG-13,
Hitman,Prime Video,2007.0,R,3.99
You Only Live Twice,Prime Video,1967.0,PG,3.99
Susie's Hope,Prime Video,2014.0,PG-13,
Beyond Hoarding,Prime Video,2019.0,,
A Shot in the Dark,Prime Video,1965.0,PG,
Fall,Prime Video,1997.0,,
7 Signs of Christ's Return,Prime Video,1997.0,,
The Lord of the Rings: The Motion Picture Trilogy (Extended & Theatrical)(4K Ultra HD),4K,,,76.99
Nightmare on Elm Street (2010),Prime Video,2010.0,R,
Rumble Fish,Prime Video,1983.0,R,3.59
9 Hour Rainstorm for Sleep black screen,Prime Video,2017.0,,1.99
Pearl: An X-traordinary Origin Story,Prime Video,2022.0,R,3.99
Fury,Prime Video,2014.0,,3.99
Old School,Prime Video,2003.0,R,3.29
Jerry & Marge Go Large,Prime Video,2022.0,PG-13,3.89
The Slammin Salmon,Prime Video,2009.0,R,
Unseen,Prime Video,2023.0,,
The Boogeyman,Prime Video,2023.0,PG-13,5.99
World War Z (Extended),Prime Video,2013.0,,3.79
Spider-Man: Far From Home,Prime Video,2019.0,PG-13,3.79
Penelope,Prime Video,2008.0,PG,
Bloodshot,Prime Video,2020.0,,3.59
Wild Card,Prime Video,2015.0,R,3.99
The King's Daughter,Prime Video,2022.0,PG,
Underworld: Blood Wars,Prime Video,2017.0,,3.59
Tim Burton's Corpse Bride,Prime Video,2005.0,PG,
A Shot in the Dark,Prime Video,1965.0,PG,
Big Sky River,Prime Video,2022.0,,
Sudden Fury,Prime Video,1993.0,,
Hickok,Prime Video,2017.0,R,
Labor Pains,Prime Video,2009.0,PG-13,
Prey For The Devil,Prime Video,2022.0,PG-13,
Last Knights,Prime Video,2015.0,R,
Passengers,Prime Video,2016.0,PG-13,3.59
Noah,Prime Video,2014.0,PG-13,
John Tucker Must Die,Prime Video,2006.0,PG-13,3.79
The Librarian: The Curse Of The Judas Chalice,Prime Video,2009.0,,
A Cinderella Christmas,Prime Video,2016.0,,
Reprisal,Prime Video,2018.0,R,
The Many Saints Of Newark,Prime Video,2021.0,,3.59
Fifty Shades Freed,Prime Video,2018.0,R,
Lovewrecked,Prime Video,2006.0,PG,
Scream 4,Prime Video,2011.0,R,3.99
Indecent Proposal,Prime Video,1993.0,R,3.79
Child 44,Prime Video,2015.0,R,3.99
9/11,Prime Video,2017.0,R,
American History X,Prime Video,1998.0,R,3.79
Blended,Prime Video,2014.0,PG-13,
Big Sky River,Prime Video,2022.0,,
Odd Thomas,Prime Video,2014.0,,2.99
Noah,Prime Video,2014.0,PG-13,
Sahara (2005),Prime Video,2005.0,,3.79
The Best Offer,Prime Video,2014.0,R,3.79
Independence Day,Prime Video,1996.0,PG-13,3.79
Trolls,Prime Video,2016.0,PG,3.79
Marvel Studios' Guardians of the Galaxy,Prime Video,2014.0,PG-13,3.79
The Lost World: Jurassic Park,Prime Video,1997.0,PG-13,3.59
xXx: Return of Xander Cage,Prime Video,2017.0,PG-13,3.49
Devotion,Prime Video,2022.0,PG-13,5.89
Seal of Desire,Prime Video,2022.0,,
Ben Is Back,Prime Video,2018.0,R,
Guardians of the Galaxy Vol. 3,Prime Video,2023.0,PG-13,5.99
I Am Durán,Prime Video,2019.0,PG-13,3.99
Kingsman: The Secret Service,Prime Video,2015.0,R,3.79
To Catch a Thief,Prime Video,1955.0,PG,3.79
The Wedding Ringer,Prime Video,2015.0,R,3.99
Love in the Limelight,Prime Video,2022.0,,
Reprisal,Prime Video,2018.0,R,
Relative Strangers,Prime Video,2006.0,PG-13,
Sudden Fury,Prime Video,1993.0,,
No manches Frida 2,Prime Video,2019.0,R,3.99
Sleepy Hollow,Prime Video,1999.0,R,
The Train,Prime Video,1965.0,,
Sirens,Prime Video,,,
Harry Potter and the Order of the Phoenix,Prime Video,2007.0,PG-13,3.99
Jurassic Park III,Prime Video,2001.0,PG-13,3.59
The Nun II Extended Preview,Prime Video,2023.0,,
The Great Debaters,Prime Video,2007.0,PG-13,
Gambit,Prime Video,1967.0,,3.79
Last Knights,Prime Video,2015.0,R,
Black Girl Erupted,Prime Video,,,
New Best Friend,Prime Video,2002.0,R,3.99
Bullet to the Head,Prime Video,,,
Children of the Corn,Prime Video,1984.0,R,2.99
The Baker,Prime Video,2023.0,,5.99
Destined At Christmas,Prime Video,2022.0,,
So B. It,Prime Video,2017.0,PG-13,
Last Holiday,Prime Video,2006.0,PG-13,3.79
Mr. Majestyk,Prime Video,1974.0,PG,
An Hour Behind,Prime Video,2017.0,,
"Bucktown, U.S.A.",Prime Video,1975.0,R,
Juice,Prime Video,1992.0,R,
The Quiet Man,Prime Video,1952.0,,3.99
Horse Soldiers,Prime Video,1959.0,,
The Wrong Friend,Prime Video,2018.0,,
The Dressmaker,Prime Video,2015.0,R,
The Girl Who Believes In Miracles,Prime Video,2021.0,PG,
Shoelaces For Christmas,Prime Video,2018.0,,
Nurses on the Line: The Crash of Flight 7,Prime Video,1993.0,PG,
The Invisible Man,Prime Video,1933.0,,3.79
Street Code Broken,Prime Video,2022.0,,
Bottoms,Prime Video,2023.0,R,5.99
Cartoon Classics - Vol. 1: 25 Favorite Cartoons - 3 Hours,Prime Video,2017.0,PG-13,
The Spy Who Loved Me,Prime Video,1977.0,PG,3.99
Dune,Prime Video,2021.0,PG-13,3.79
Ice Girls,Prime Video,2016.0,PG,
Amish Grace,Prime Video,2010.0,,
Golda,Prime Video,2023.0,PG-13,19.99
Event Horizon,Prime Video,1997.0,R,
The Passion of The Christ,Prime Video,2004.0,R,12.99
Forrest Gump,Prime Video,1994.0,PG-13,3.79
Scoob!,Prime Video,2020.0,PG,
"Buried With Love, 2",Prime Video,2020.0,,
Rio,Prime Video,2011.0,G,3.99
The Wrong Car,Prime Video,2016.0,,1.79
Saw 2 (Unrated),Prime Video,2005.0,,4.59
Blade: Trinity,Prime Video,2004.0,R,
The Nun,Prime Video,2018.0,R,3.99
Seven Psychopaths,Prime Video,2012.0,R,3.59
Chained,Prime Video,2012.0,R,2.99
Sin Nombre (English Subtitled),Prime Video,2009.0,R,
The Apostles After Jesus,Prime Video,2017.0,,
50/50,Prime Video,2011.0,R,3.79
Without a Paddle,Prime Video,2004.0,PG-13,3.39
I'll Be Home for Christmas,Prime Video,1997.0,,
Hostiles,Prime Video,2018.0,R,3.79
My Friend Dahmer,Prime Video,2017.0,R,
Held Up,Prime Video,2000.0,PG-13,
All American Girl: The Mary Kay Letourneau Story,Prime Video,2000.0,,
Halloween 4: The Return of Michael Myers,Prime Video,1988.0,R,
Tomorrow Never Dies,Prime Video,1997.0,PG-13,3.99
Hardball,Prime Video,2001.0,,
A Nightmare on Elm Street,Prime Video,1984.0,R,3.99
A Quiet Place,Prime Video,2018.0,PG-13,3.39
Dog Soldiers,Prime Video,,,
Man of Steel,Prime Video,2013.0,PG-13,
1984,Prime Video,1985.0,R,
V/H/S,Prime Video,2012.0,R,2.99
Vampire Dog,Prime Video,2012.0,G,
A Royal Christmas on Ice,Prime Video,2022.0,,
Love Marry Kill,Prime Video,2023.0,,
Batman (1989),Prime Video,1989.0,PG-13,2.99
Lee Daniels' The Butler,Prime Video,2013.0,PG-13,3.99
Pulse,Prime Video,2006.0,PG-13,
Sniper: The White Raven,Prime Video,2022.0,R,
King Arthur: Legend of the Sword,Prime Video,2017.0,PG-13,
Alvin and the Chipmunks,Prime Video,2007.0,PG,
The Right Kind of Wrong,Prime Video,2014.0,R,0.99
The Dog Who Saved Halloween,Prime Video,2011.0,PG,
A Country Romance,Prime Video,2022.0,,
Broken Promise,Prime Video,2016.0,,
The Ninth Gate,Prime Video,2000.0,R,
All About You,Prime Video,2001.0,,
Final Destination 3,Prime Video,2006.0,R,3.99
Halloween 4: The Return of Michael Myers,Prime Video,1988.0,R,
Sing,Prime Video,2016.0,,3.99
Half Nelson,Prime Video,2018.0,,
The Great War of Archimedes,Prime Video,2021.0,,
The Relic,Prime Video,1997.0,R,3.79
A Haunted House 2,Prime Video,2014.0,R,3.99
V/H/S,Prime Video,2012.0,R,2.99
Personally Yours,Prime Video,2000.0,PG-13,1.99
Cry From the Mountain,Prime Video,1985.0,PG,1.99
Hidden Ireland,Prime Video,2023.0,,0.99
The Case of the Whitechapel Vampire,Prime Video,2002.0,,
The Mighty Quinn,Prime Video,1989.0,R,
The House Bunny,Prime Video,2008.0,PG-13,3.59
The Spy Who Loved Me,Prime Video,1977.0,PG,3.99
Taming Andrew,Prime Video,2000.0,,
Varsity Blues,Prime Video,1999.0,R,3.79
The General's Daughter(1999),Prime Video,1999.0,R,
Dark Legacy,Prime Video,2009.0,,
The Girl Next Door,Prime Video,2008.0,R,
True Justice: Deadly Crossing,Prime Video,2011.0,,
Aurora Teagarden Mysteries: Something New,Prime Video,2023.0,,
"Me, Myself And Irene",Prime Video,2000.0,R,4.29
The Devil's Brigade,Prime Video,1968.0,,3.89
NAICA: The Crystal Cave,Prime Video,2008.0,,
Michael Jackson: Searching for Neverland,Prime Video,2017.0,,
Loaded,Prime Video,2015.0,,0.99
Denial,Prime Video,2016.0,PG-13,3.79
Harry Potter And The Deathly Hallows - Part 1,Prime Video,2010.0,PG-13,3.79
Super Troopers,Prime Video,2002.0,R,3.79
The Reading,Prime Video,2023.0,,
The Illusionist,Prime Video,2006.0,PG-13,
Michael Jackson: Searching for Neverland,Prime Video,2017.0,,
The Gift,Prime Video,2001.0,R,3.99
Denial,Prime Video,2016.0,PG-13,3.79
The Winter Palace,Prime Video,2022.0,,2.99
Harry Potter And The Deathly Hallows - Part 1,Prime Video,2010.0,PG-13,3.79
Super Troopers,Prime Video,2002.0,R,3.79
Death Wish (1974),Prime Video,1974.0,R,
Broken Promise,Prime Video,2016.0,,
The Wrong Friend,Prime Video,2018.0,,
Held Up,Prime Video,2000.0,PG-13,
Not Cinderella's Type,Prime Video,2018.0,,
All American Girl: The Mary Kay Letourneau Story,Prime Video,2000.0,,
True to the Game 3,Prime Video,2021.0,,2.99
Bill Engvall: Just Sell Him For Parts,Prime Video,2016.0,,
George's Best Stuff,Prime Video,2003.0,,
Saw 3 (Unrated),Prime Video,2006.0,,5.99
Harry Potter and the Deathly Hallows - Part 2,Prime Video,2011.0,PG-13,3.79
Monster's Ball,Prime Video,2002.0,R,
Lords Of Salem,Prime Video,2013.0,R,
Samuel L. Jackson: Did I Stutter?,Prime Video,2023.0,PG,
Anna's Storm,Prime Video,2007.0,,
One In The Chamber,Prime Video,2012.0,R,
No Country for Old Men,Prime Video,2007.0,,3.79
The Unbearable Weight of Massive Talent,Prime Video,2022.0,R,3.99
World War Z,Prime Video,2013.0,PG-13,3.79
The Misfits,Prime Video,2021.0,R,3.99
Stonehearst Asylum,Prime Video,2014.0,PG-13,
Deliver Us From Evil,Prime Video,2014.0,R,3.99
Point Last Seen,Prime Video,1998.0,,
Good Burger,Prime Video,1997.0,PG,3.59
Road to El Dorado,Prime Video,2000.0,PG,3.99
Saw: The Final Chapter,Prime Video,2010.0,R,3.99
Elvira's Haunted Hills,Prime Video,2002.0,,
Brides of Dracula,Prime Video,1960.0,,3.79
Marshall's Miracle,Prime Video,2014.0,,
Christmas Mail,Prime Video,2010.0,,
Anna's Storm,Prime Video,2007.0,,
Custody Of The Heart,Prime Video,2000.0,,
The Commando,Prime Video,2022.0,R,3.99
Sensitive - The Untold Story,Prime Video,2015.0,,
The Last Stand,Prime Video,2013.0,R,
Death Warrant,Prime Video,1990.0,R,
A Walk in the Woods,Prime Video,2015.0,R,
Dark Legacy,Prime Video,2009.0,,
The Running Man,Prime Video,1987.0,R,4.19
Guardians - English Dub,Prime Video,2017.0,,
The Promotion,Prime Video,2008.0,R,
Griffin & Phoenix,Prime Video,2006.0,PG-13,
Life in a Year,Prime Video,2020.0,PG-13,3.99
All the Queen's Horses,Prime Video,2018.0,,
Marauders,Prime Video,2016.0,R,
Marshall's Miracle,Prime Video,2014.0,,
Night Creatures,Prime Video,1962.0,,3.99
7th & Union,Prime Video,2021.0,,
Griffin & Phoenix,Prime Video,2006.0,PG-13,
The Man from Nowhere,Prime Video,2010.0,R,3.99
Mob Town,Prime Video,2019.0,R,3.99
Untrapped: The Story of Lil Baby,Prime Video,2022.0,R,
What a Girl Wants,Prime Video,2003.0,PG,2.99
Sunshine Cleaning,Prime Video,2009.0,R,
Ashes in the Snow,Prime Video,2018.0,,
The Hustle,Prime Video,2011.0,R,
Popeye: 33 Cartoon Classics - 4 Hours,Prime Video,2017.0,,
Play Misty For Me (1971),Prime Video,1971.0,R,3.79
Between Friends,Prime Video,2014.0,,
Dodgeball: A True Underdog Story,Prime Video,2004.0,PG-13,3.99
Seventeen Again,Prime Video,2000.0,,
Most Wanted,Prime Video,2020.0,R,3.99
Yellow Brick Road and Beyond,Prime Video,2009.0,,
The Running Man,Prime Video,1987.0,R,4.19
A Walk in the Woods,Prime Video,2015.0,R,
Blazing Saddles,Prime Video,1974.0,R,3.99
The Ruins,Prime Video,2008.0,R,3.79
The 'Burbs,Prime Video,1989.0,,
Drowning Mona,Prime Video,2000.0,PG-13,
The Prophecy,Prime Video,1995.0,PG-13,3.99
Past Lives,Prime Video,2023.0,,4.99
Tim Burton's Corpse Bride,Prime Video,2005.0,PG,3.79
Transformers: Age of Extinction,Prime Video,2014.0,PG-13,3.79
Ralphie May: Prime Cut,Prime Video,2022.0,,
Tyler Perry's Madea on the Run,Prime Video,2017.0,,3.59
School of Rock,Prime Video,2003.0,PG-13,3.99
Cocktail,Prime Video,1988.0,R,3.99
Practical Magic (1998),Prime Video,1998.0,PG-13,3.79
Hidden Saudi Arabia,Prime Video,2023.0,,1.99
Outlander,Prime Video,2009.0,R,
Stolen,Prime Video,2012.0,R,
Christmas in Mississippi,Prime Video,2017.0,,1.99
Pride and Prejudice,Prime Video,2005.0,PG,3.79
Insidious: The Last Key,Prime Video,2018.0,,
The Wraith,Prime Video,1986.0,PG-13,
Barnyard,Prime Video,2006.0,PG,4.29
Exists,Prime Video,2014.0,R,
Doom,Prime Video,1996.0,,3.99
Horns,Prime Video,2014.0,R,
Girl in the Closet,Prime Video,2023.0,,2.69
Quinceanera,Prime Video,2006.0,R,3.99
The Bad News Bears,Prime Video,1976.0,PG,3.79
Spider-Man: Across The Spider-Verse - UHD/BD Combo + Digital,4K,,,21.24
Date Night,Prime Video,2010.0,PG-13,
The Final Countdown,Prime Video,1980.0,PG,1.99
Expecting Amish,Prime Video,2014.0,,
Die Another Day,Prime Video,2002.0,PG-13,3.99
Nefarious,Prime Video,2023.0,R,4.99
Limitless,Prime Video,2011.0,PG-13,2.99
Terminator 2: Judgment Day,Prime Video,1991.0,,9.99
"Are You There God? It's Me, Margaret.",Prime Video,2023.0,PG-13,5.99
Final Destination,Prime Video,2000.0,R,2.89
Hellraiser,Prime Video,1987.0,R,2.99
Hide N Seek,Prime Video,2023.0,,
Child's Play,Prime Video,1988.0,R,
The King's Speech,Prime Video,2010.0,R,3.99
Journey to the Center of the Earth,Prime Video,2008.0,,
Alpha and Omega: Family Vacation,Prime Video,2015.0,,
Hellraiser,Prime Video,1987.0,R,2.99
The Getaway,Prime Video,,,
The Maze Runner,Prime Video,2014.0,PG-13,3.79
From Russia with Love,Prime Video,1964.0,PG,3.89
Fifty Shades Of Grey,Prime Video,2016.0,R,
Love Sarah,Prime Video,2021.0,,
Star Trek Beyond,Prime Video,2016.0,PG-13,2.89
Breaking,Prime Video,2022.0,PG-13,1.99
Hall Pass (Enlarged Edition),Prime Video,2011.0,R,4.99
Creepshow 2,Prime Video,1987.0,R,2.99
"O Brother, Where Art Thou?",Prime Video,2001.0,,3.79
Madame Nobel,Prime Video,2014.0,,
Child's Play,Prime Video,1988.0,R,
The Good Heart,Prime Video,2004.0,R,
"O Brother, Where Art Thou?",Prime Video,2001.0,,3.79
Halloween 5,Prime Video,1989.0,R,
Stir of Echoes,Prime Video,1999.0,R,
One for the Money,Prime Video,2012.0,PG-13,
Double Jeopardy,Prime Video,1999.0,R,4.29
Carmen,Prime Video,2022.0,,
Invisible History: Middle Florida's Hidden Roots,Prime Video,2021.0,,
Shallow Hal,Prime Video,2001.0,PG-13,3.79
The Getaway,Prime Video,,,
Alpha and Omega: Family Vacation,Prime Video,2015.0,,
The Canterville Ghost,Prime Video,1996.0,PG,
Christmas on the Range,Prime Video,2019.0,,
Batman: The Complete Animated Series [Blu-ray],Blu-ray,,,52.75
The 40 Year-Old Virgin,Prime Video,2005.0,R,3.99
Once Upon A Crime,Prime Video,1992.0,PG,
Stand and Deliver,Prime Video,1988.0,PG,2.99
Broken Embraces,Prime Video,2010.0,R,3.59
Journey to the Center of the Earth,Prime Video,2008.0,,
Betrayed,Prime Video,2021.0,,3.99
When Harry Met Sally,Prime Video,1989.0,R,4.29
The Baytown Outlaws,Prime Video,2013.0,,3.99
Curious Caterer: Grilling Season,Prime Video,2023.0,,
Arbitrage,Prime Video,2012.0,R,
Wedding Cottage,Prime Video,2023.0,,
Live and Let Die,Prime Video,1973.0,PG,3.89
21 Grams,Prime Video,2004.0,R,3.79
The Man in the Moon,Prime Video,1991.0,PG-13,
Edge of Tomorrow,Prime Video,2014.0,PG-13,3.79
Lucy Shimmers and the Prince of Peace,Prime Video,2020.0,PG,2.99
Madame Nobel,Prime Video,2014.0,,
"Jeff, Who Lives at Home",Prime Video,2011.0,R,3.79
The 5th Quarter,Prime Video,2011.0,,
Death on the Nile,Prime Video,1978.0,PG,
Life Without Hope,Prime Video,2020.0,,
Annabelle Comes Home,Prime Video,2019.0,R,3.79
Transformers: Dark of the Moon,Prime Video,2011.0,PG-13,3.39
Brick Mansions,Prime Video,2014.0,PG-13,2.99
Silver Linings Playbook,Prime Video,2012.0,R,3.99
Double Jeopardy,Prime Video,1999.0,R,4.29
21 Grams,Prime Video,2004.0,R,3.79
Halloween 5,Prime Video,1989.0,R,
Silent Fall,Prime Video,1994.0,R,
Resident Evil: Welcome to Raccoon City,Prime Video,2021.0,R,3.99
Teenage Mutant Ninja Turtles II: The Secret of the Ooze,Prime Video,1991.0,PG,3.99
Gone,Prime Video,2012.0,PG-13,
The Hobbit: An Unexpected Journey,Prime Video,2012.0,PG-13,
Goldeneye,Prime Video,1995.0,PG-13,3.89
Paper Soldiers,Prime Video,2002.0,R,3.79
Cloudy with a Chance of Meatballs,Prime Video,2009.0,PG,
Buffaloed,Prime Video,2019.0,,2.99
Life Without Hope,Prime Video,2020.0,,
The Remaining,Prime Video,2014.0,PG-13,3.99
Saving Private Ryan,Prime Video,1998.0,,3.79
A Father's Legacy,Prime Video,2021.0,,
Inside a Cult: Messiah on Trial,Prime Video,2009.0,,
Death on the Nile,Prime Video,1978.0,PG,
Phantasm: Remastered,Prime Video,1979.0,R,
Phantoms,Prime Video,1998.0,R,2.49
Make Up,Prime Video,2021.0,,3.99
"Little Death, The",Prime Video,1996.0,R,
Pinkfong and Baby Shark's Space Adventure,Prime Video,2016.0,,1.99
The Hobbit: An Unexpected Journey,Prime Video,2012.0,PG-13,
Acts of Violence,Prime Video,2018.0,R,3.99
Scary Movie 2,Prime Video,2001.0,R,
Annabelle Comes Home,Prime Video,2019.0,R,3.79
Prairie Fever,Prime Video,2008.0,,
Evil Dead,Prime Video,2013.0,,3.59
Edward Scissorhands,Prime Video,1990.0,PG-13,
Brick Mansions,Prime Video,2014.0,PG-13,2.99
Hoopties,Prime Video,2023.0,,
Trust,Prime Video,2011.0,R,
Princess of the Row,Prime Video,2020.0,,2.99
Fantastic Beasts: The Secrets of Dumbledore,Prime Video,2022.0,PG-13,3.79
Thiruchitrambalam,Prime Video,2022.0,,
Harry Potter: 8-Film Collection [4K Ultra HD + Blu-ray] [4K UHD],4K,,,95.99
The Last Airbender,Prime Video,2010.0,PG,
Always At The Carlyle,Prime Video,2018.0,PG-13,
Saturday Night Fever,Prime Video,1977.0,R,3.79
Shrapnel,Prime Video,2023.0,R,3.99
Swordfish,Prime Video,2001.0,,3.99
Do You Like Broccoli Ice Cream? & More Kids Songs - Super Simple Songs,Prime Video,2017.0,,0.99
Moonraker,Prime Video,1979.0,PG,3.99
The Man with the Golden Gun,Prime Video,1974.0,PG,3.99
Support Your Local Gunfighter,Prime Video,1971.0,G,
The Conjuring 2,Prime Video,2016.0,R,2.89
Nanny McPhee Returns,Prime Video,2010.0,PG,3.99
A Monster In Paris,Prime Video,2012.0,,
Wild Prairie Rose,Prime Video,2016.0,,
The Notebook,Prime Video,2004.0,PG-13,3.99
Spoiler Alert,Prime Video,2022.0,PG-13,3.99
The Woman Who Wasn't There,Prime Video,2012.0,,2.99
The Queen's Corgi,Prime Video,2020.0,PG,0.99
Messenger of Death,Prime Video,1988.0,R,
The Substitute,Prime Video,1996.0,R,
Book Club,Prime Video,2018.0,PG-13,3.09
Failure to Launch,Prime Video,2006.0,,2.89
Scream,Prime Video,1996.0,,3.79
Kingdom of Heaven,Prime Video,2005.0,R,3.79
The Courier,Prime Video,2021.0,PG-13,3.79
War of The Worlds (2005),Prime Video,2005.0,PG-13,3.99
Bats,Prime Video,1999.0,PG-13,
The Forger,Prime Video,2015.0,R,3.99
Tomorrow Never Dies,Prime Video,1997.0,PG-13,
Farewell My Love,Prime Video,2000.0,,
Lavell Crawford: The Comedy Vaccine (Extended Edition),Prime Video,2021.0,,0.99
The Reef,Prime Video,2007.0,G,
Sinister,Prime Video,2012.0,R,3.79
Nanny McPhee,Prime Video,2006.0,,3.99
Resident Evil: The Final Chapter,Prime Video,2017.0,,3.89
Autumn in New York,Prime Video,2000.0,PG-13,
The Electrical Life Of Louis Wain,Prime Video,2021.0,PG-13,
Beyond the Law,Prime Video,2019.0,,
Chick Fight,Prime Video,2020.0,R,1.99
Batman & Robin,Prime Video,1997.0,PG-13,3.79
Navy Seals,Prime Video,1990.0,R,
Spinning Man,Prime Video,2018.0,R,
Annabelle: Creation,Prime Video,2017.0,R,
Book Club: The Next Chapter,Prime Video,2023.0,PG-13,5.99
The Jewel of the Nile,Prime Video,1985.0,PG,
The Knight of Shadows,Prime Video,2020.0,,
Madagascar: Escape 2 Africa,Prime Video,2008.0,PG,3.99
Season of the Witch,Prime Video,2011.0,PG-13,
Trick 'r Treat,Prime Video,2008.0,R,
Shutter Island,Prime Video,2010.0,R,3.59
The Ring,Prime Video,2002.0,PG-13,3.79
The Woman in Black,Prime Video,2012.0,PG-13,
The Cat in the Hat Knows a Lot About Halloween!,Prime Video,2016.0,G,2.99
Summer of 84,Prime Video,2018.0,R,1.99
Retreat To Paradise,Prime Video,2020.0,,
The Lord of The Rings: The Fellowship of the Ring (Extended Edition),Prime Video,2001.0,PG-13,14.99
The Book of Life,Prime Video,2014.0,PG,
The Matrix: Resurrections,Prime Video,2021.0,R,3.79
Black Mass,Prime Video,2015.0,R,
Gone,Prime Video,2012.0,PG-13,
The Mist,Prime Video,2007.0,R,
The Sandlot,Prime Video,1993.0,PG,3.79
Of an Age,Prime Video,2023.0,R,5.99
Tyler Perry's I Can Do Bad All By Myself,Prime Video,2009.0,PG-13,
Barbie (Blu-Ray + Digital),Blu-ray,,,24.96
The Gambler,Prime Video,2014.0,R,
Red Dragon,Prime Video,2002.0,R,3.79
Madea Gets A Job ( Stage Play),Prime Video,2013.0,,
Recoil,Prime Video,2012.0,,1.99
Legion,Prime Video,2010.0,R,3.59
Queen Bees,Prime Video,2021.0,PG-13,3.99
Peace by Chocolate,Prime Video,2022.0,,1.99
Christmas Belle,Prime Video,2013.0,,
Henry VII: The Winter King,Prime Video,2013.0,PG,
Belly,Prime Video,1998.0,R,3.99
The Sons of Katie Elder,Prime Video,1965.0,,3.59
Looking For Her,Prime Video,2022.0,,
Dino King,Prime Video,2013.0,,
Devil's Pond,Prime Video,2005.0,R,
Country Remedy,Prime Video,2007.0,,
Curious George: A Halloween Boo Fest,Prime Video,2013.0,,7.99
Undiscovered Disney Parks,Prime Video,2006.0,,
Imagine That,Prime Video,2009.0,PG,3.79
The Marriage Fool (Restored),Prime Video,1998.0,,1.99
The Shining,Prime Video,1980.0,R,3.79
Alien Vs. Predator,Prime Video,2004.0,PG-13,3.79
See Jane Date,Prime Video,,,
Legend of the Lost,Prime Video,1957.0,,
Ghost In the Shell,Prime Video,1996.0,,
School Ties,Prime Video,1992.0,,3.99
Eye for an Eye,Prime Video,1996.0,,
Young Billy Young,Prime Video,1969.0,G,
SAPPY HOLIDAY,Prime Video,2022.0,PG,
Mistaken,Prime Video,2017.0,,1.99
Spider-Man: Into the Spider-Verse,Prime Video,2018.0,PG,3.59
Pimp,Prime Video,2018.0,,2.99
Days of Thunder,Prime Video,1990.0,PG-13,3.79
The Layover,Prime Video,2017.0,R,7.99
Man on Fire,Prime Video,2004.0,R,
CoComelon - JJ's Animal Time,Prime Video,2022.0,,1.99
Take Me Home,Prime Video,2011.0,PG-13,
"Sex, Love, Misery: New New York",Prime Video,2022.0,,
Batman Returns,Prime Video,1992.0,PG-13,3.99
Jeff Dunham: Arguing with Myself,Prime Video,2006.0,,
Nazi Death Marches,Prime Video,2023.0,,
Dancing Detective: A Deadly Tango,Prime Video,2023.0,,
Runaway Train,Prime Video,1985.0,R,
The LEGO Movie,Prime Video,2014.0,PG,3.99
Thirteen Lives,Prime Video,2022.0,PG-13,
Stuck in Love,Prime Video,2013.0,R,
Get a Job,Prime Video,2016.0,R,3.79
Hatchet,Prime Video,2007.0,R,
The Couch Trip,Prime Video,1988.0,R,
Tim Burton's The Nightmare Before Christmas,Prime Video,1993.0,PG,3.79
Dr. No HD,Prime Video,1963.0,PG,
Aloha,Prime Video,2015.0,,3.99
Star Trek (2009),Prime Video,2009.0,PG-13,3.79
Transformers: Revenge of the Fallen,Prime Video,2009.0,PG-13,
The Far Pavilions,Prime Video,1984.0,,2.99
Triggered,Prime Video,2020.0,,
Hot Tub Time Machine 2,Prime Video,2015.0,R,4.29
Spider-Man Across The Spider-Verse: Sneak Peek,Prime Video,2023.0,PG,
Robots,Prime Video,2005.0,PG,3.79
Humpty Dumpty & More Kids Songs - Super Simple Songs,Prime Video,2017.0,,0.99
A View to a Kill,Prime Video,1985.0,PG,
Stuck in Love,Prime Video,2013.0,R,
Once Upon a Time in the West,Prime Video,1969.0,PG-13,3.79
The Couch Trip,Prime Video,1988.0,R,
The Retrievers,Prime Video,2001.0,,
Once Upon a Time in the West,Prime Video,1969.0,PG-13,3.79
Tomorrow Never Dies,Prime Video,1997.0,PG-13,
Hatchet,Prime Video,2007.0,R,
The Fire That Took Her,Prime Video,2022.0,,19.99
Sabrina The Teenage Witch,Prime Video,1996.0,PG,
Stan Helsing,Prime Video,2009.0,R,
Skin Trade,Prime Video,2015.0,R,2.99
Beverly Hills Cop,Prime Video,1984.0,R,3.99
The Gate,Prime Video,1987.0,PG-13,
FLU,Prime Video,2013.0,,3.99
The Suicide Squad,Prime Video,2021.0,R,
Elf,Prime Video,2003.0,PG,3.99
In The Blood,Prime Video,2014.0,R,
Underdogs,Prime Video,2013.0,PG,
The Secret,Prime Video,2006.0,,2.99
Transformers: Revenge of the Fallen,Prime Video,2009.0,PG-13,
Body of Lies,Prime Video,2008.0,R,
"Map of Tiny Perfect Things, The",Prime Video,2021.0,PG-13,
Rollerball (2002),Prime Video,2002.0,,
The Mandela Effect,Prime Video,2019.0,,
Tyler Perry's Madea Goes to Jail - The Play,Prime Video,2009.0,,3.79
Falling for Vermont,Prime Video,2017.0,,0.99
Annabelle,Prime Video,2014.0,R,3.99
Desperation Road,Prime Video,2023.0,R,6.99
Birds of Prey (and the Fantabulous Emancipation of One Harley Quinn),Prime Video,2020.0,R,
"Sex, Love, Misery: New New York",Prime Video,2022.0,,
A Turtle's Tale 2: Sammy's Escape From Paradise,Prime Video,2013.0,,
Heal,Prime Video,2017.0,,2.99
The Little Mermaid (Bonus Content and X-Ray Features),Prime Video,2023.0,PG,12.99
The Devil You Know,Prime Video,2022.0,,3.99
The Devil You Know,Prime Video,2022.0,,3.99
Out of the Dark,Prime Video,2015.0,PG-13,
Hats Off To Christmas!,Prime Video,2013.0,,
The Lego Movie 2: The Second Part,Prime Video,2019.0,PG,
Christmas in the Smokies,Prime Video,2015.0,,
Desperation Road,Prime Video,2023.0,R,6.99
Halloween H20: 20 Years Later,Prime Video,1998.0,R,2.99
Falling for Vermont,Prime Video,2017.0,,0.99
A Turtle's Tale 2: Sammy's Escape From Paradise,Prime Video,2013.0,,
Barbie (4K Ultra HD + Digital) [4K UHD],4K,,,29.96
Annabelle,Prime Video,2014.0,R,3.99
Death Race 2000,Prime Video,1975.0,R,
The Visitor,Prime Video,2008.0,PG-13,3.99
Murphy's Law,Prime Video,1986.0,R,
I Am T-Rex,Prime Video,2023.0,,3.99
Neighbors,Prime Video,2014.0,R,3.59
Judas and the Black Messiah,Prime Video,2021.0,R,2.89
The Locusts,Prime Video,1997.0,R,
The Founder,Prime Video,2017.0,PG-13,
Karen,Prime Video,2021.0,R,2.99
The Lazarus Effect,Prime Video,2015.0,PG-13,3.0
The Suicide Squad,Prime Video,2021.0,R,
Haunt,Prime Video,2019.0,R,
Dominion: Prequel To The Exorcist,Prime Video,2005.0,R,
China Doll,Prime Video,1958.0,,
The Hired Heart,Prime Video,1997.0,,
Birds of Prey (and the Fantabulous Emancipation of One Harley Quinn),Prime Video,2020.0,R,
My Bloody Valentine,Prime Video,2009.0,R,
Adeline,Prime Video,2022.0,,
Trick or Treat Scooby-Doo!,Prime Video,2022.0,,3.99
Catch Hell,Prime Video,2014.0,,
P!nk: All I Know So Far,Prime Video,2021.0,,
Quest for the Lost Pharaoh,Prime Video,2003.0,PG,
Titanic,Prime Video,1997.0,PG-13,3.99
Admission,Prime Video,2013.0,PG-13,3.79
Traded,Prime Video,2016.0,,
Warhorse One,Prime Video,2023.0,R,2.99
Daylight,Prime Video,1996.0,PG-13,3.79
Lost Child,Prime Video,2018.0,,2.99
The Big Country,Prime Video,1958.0,,
Elvira: Mistress of the Dark,Prime Video,1988.0,PG-13,2.99
The Retrievers,Prime Video,2001.0,,
Blindfire,Prime Video,2020.0,,
Gangs Of New York,Prime Video,2002.0,R,
Scooby-Doo 2: Monsters Unleashed,Prime Video,2004.0,PG,
A Walk in the Clouds,Prime Video,1995.0,PG-13,3.79
"Love, Kennedy",Prime Video,2017.0,PG,
Mary Higgins Clark's: Try to Remember,Prime Video,2004.0,PG-13,
Captain America: The Winter Soldier,Prime Video,2014.0,,3.99
Tag,Prime Video,2018.0,R,3.99
RV,Prime Video,2006.0,PG,3.99
Eraser: Reborn,Prime Video,2022.0,R,3.79
Dark Skies,Prime Video,2009.0,,1.99
Kill Bill: Volume 2,Prime Video,2004.0,R,3.79
Red 2,Prime Video,2013.0,PG-13,3.99
Status Update,Prime Video,2018.0,PG-13,2.99
Enter the Fat Dragon,Prime Video,2020.0,,
Elemental (Includes Bonus Content),Prime Video,2023.0,PG,19.99
The 355,Prime Video,2022.0,PG-13,
Barefoot,Prime Video,2014.0,PG-13,3.99
Where Your Heart Belongs,Prime Video,2022.0,,
The Lost Boys,Prime Video,1987.0,R,
Top Gun,Prime Video,1986.0,PG,3.79
Harley Davidson and the Marlboro Man,Prime Video,1991.0,R,
X-Men,Prime Video,2000.0,PG-13,3.79
The Secret Life of Pets,Prime Video,2016.0,,3.79
Hustle & Flow,Prime Video,2005.0,R,
Aachar & Co.,Prime Video,2023.0,,
The Last Exorcism Part II,Prime Video,2013.0,PG-13,4.19
Allan Quatermain And The Lost City Of Gold,Prime Video,1987.0,PG,
Hamburger Hill,Prime Video,1987.0,R,3.99
Marty,Prime Video,1955.0,,3.09
No Good Deed,Prime Video,2014.0,PG-13,3.59
Nobody Will Believe You,Prime Video,2021.0,,2.99
Return to the Lost World,Prime Video,1992.0,,
The Gathering (2002),Prime Video,2002.0,R,
Bad Ass,Prime Video,2012.0,R,
Eddie Griffin: You Can Tell 'Em I Said It,Prime Video,2011.0,,
The Road,Prime Video,2009.0,R,
Bad Boys,Prime Video,1983.0,R,
SOUND OF FREEDOM,DVD,,,19.96
Lonesome Dove Church,Prime Video,2014.0,,
Return to the Lost World,Prime Video,1992.0,,
The Hired Heart,Prime Video,1997.0,,
Casper,Prime Video,1995.0,PG,3.99
A Bridge Too Far,Prime Video,1977.0,PG,
Red River (1948),Prime Video,1948.0,PG-13,3.49
Lemony Snicket's A Series of Unfortunate Events,Prime Video,2004.0,PG,
Hustle & Flow,Prime Video,2005.0,R,
Witness For The Prosecution (1957),Prime Video,1958.0,,
Bad Boys,Prime Video,1983.0,R,
Invisible Invaders,Prime Video,1959.0,,3.89
20000 Leagues Under the Sea,Prime Video,1997.0,,
Lost Child,Prime Video,2018.0,,2.99
Pacific Ocean Waves,Prime Video,2017.0,,1.99
Cinderella,Prime Video,2015.0,PG,3.79
Carriers,Prime Video,2009.0,PG-13,
Dear Viola,Prime Video,2014.0,,
Red River (1948),Prime Video,1948.0,PG-13,3.49
Cinderella,Prime Video,2015.0,PG,3.79
Pacific Ocean Waves,Prime Video,2017.0,,1.99
Boys of H Company,Prime Video,2004.0,,
A Bridge Too Far,Prime Video,1977.0,PG,
Above the Shadows,Prime Video,2019.0,,2.99
The Most Wonderful Time of the Year,Prime Video,2008.0,,
Leanne Morgan: So Yummy,Prime Video,2017.0,,
The Last Deal,Prime Video,2023.0,R,
Sing 2,Prime Video,2021.0,PG,3.79
The Legend of Zorro,Prime Video,2005.0,PG,3.99
Poltergeist,Prime Video,2015.0,PG-13,3.79
Lemony Snicket's A Series of Unfortunate Events,Prime Video,2004.0,PG,
The Firm,Prime Video,1993.0,R,3.79
Law Abiding Citizen,Prime Video,2009.0,R,
Space Jam: A New Legacy,Prime Video,2021.0,PG,
Of Mice And Men,Prime Video,1992.0,PG-13,
My One True Love,Prime Video,2022.0,,
The Ghost Writer,Prime Video,2010.0,PG-13,
Jimmy Neutron: Boy Genius,Prime Video,2001.0,PG,3.79
CB4,Prime Video,1993.0,,3.99
The SpongeBob Movie: Sponge Out of Water,Prime Video,2015.0,PG,3.09
Crash,Prime Video,2005.0,R,
You've Got Mail,Prime Video,1998.0,PG,3.79
The Time Machine (2002),Prime Video,2002.0,PG-13,2.99
Volcano,Prime Video,1997.0,PG-13,3.79
The James Bond Collection [Blu-ray],Blu-ray,,,54.99
Shottas,Prime Video,2002.0,R,
Blue Collar Comedy Tour: The Movie,Prime Video,2003.0,PG-13,
Boxcar Bertha,Prime Video,1972.0,R,3.99
Somewhere in Time,Prime Video,1980.0,PG,
Witness For The Prosecution (1957),Prime Video,1958.0,,
Invasion U.S.A.,Prime Video,1985.0,R,
Instructions Not Included,Prime Video,2013.0,PG-13,
Harvest Moon,Prime Video,2021.0,,0.99
Prescription for Love,Prime Video,2020.0,,
Old MacDonald Had a Farm & More Kids Songs - Super Simple Songs,Prime Video,2019.0,,0.99
Casper,Prime Video,1995.0,PG,3.99
The Report,Prime Video,2019.0,R,
Fast X (4K Ultra HD + Blu-Ray + Digital) [4K UHD],4K,,,22.24
All Eyez on Me,Prime Video,2017.0,R,3.99
The Lord of the Rings: Return of the King: Extended Edition,Prime Video,2003.0,PG-13,14.99
Me Before You,Prime Video,2016.0,PG-13,3.99
Shrek,Prime Video,2001.0,PG,3.79
Lovelace,Prime Video,2013.0,R,
Storm Rider,Prime Video,2013.0,PG-13,
The Flash (Bonus X-Ray Edition),Prime Video,2023.0,PG-13,5.99
Batman Returns,Prime Video,1992.0,PG-13,3.99
X-Men: The Last Stand,Prime Video,2006.0,PG-13,3.79
Spirit Halloween: The Movie,Prime Video,2022.0,,
Hit and Run,Prime Video,2012.0,R,3.79
Alex Rider: Operation Stormbreaker,Prime Video,2006.0,PG,
The Clue to Love,Prime Video,2021.0,,
UFO's Are Real,Prime Video,1979.0,,
The Big Easy,Prime Video,1987.0,R,
Celine,Prime Video,2008.0,PG,
Invisible Invaders,Prime Video,1959.0,,3.89
Keanu Reeves: Journey to Success,Prime Video,2003.0,,
Beyond The Black Rainbow,Prime Video,2011.0,R,2.99
Barbara,Prime Video,2012.0,PG-13,3.99
Mission of the Shark,Prime Video,1991.0,,
The Irish Pub,Prime Video,2014.0,,
Alex Rider: Operation Stormbreaker,Prime Video,2006.0,PG,
Puss in Boots: The Last Wish,Prime Video,2022.0,PG,3.99
Shut In,Prime Video,2016.0,PG-13,3.59
Wolves,Prime Video,2014.0,R,
Cocoa Brown: Famous Enough,Prime Video,2022.0,,
Guardians of the Galaxy Vol. 3 (Includes Bonus Content),Prime Video,2023.0,PG-13,19.99
You're Not You,Prime Video,2014.0,R,3.99
Hats Off To Christmas!,Prime Video,2013.0,,
The Founder,Prime Video,2017.0,PG-13,
Teenage Mutant Ninja Turtles: Mutant Mayhem | TEEN,Prime Video,2023.0,PG,
Hazlo Como Hombre (English Subtitled),Prime Video,2017.0,R,3.99
Keanu Reeves: Journey to Success,Prime Video,2003.0,,
The Magnificent Seven,Prime Video,1960.0,R,
The Elephant in the Living Room,Prime Video,2011.0,PG,
The Clue to Love,Prime Video,2021.0,,
A View to a Kill,Prime Video,1985.0,PG,
X-Men: Days of Future Past,Prime Video,2014.0,PG-13,
Still Breathing,Prime Video,1998.0,,
Control,Prime Video,2005.0,R,
The Magnificent Seven,Prime Video,1960.0,R,
UHF,Prime Video,1989.0,PG-13,
High Spirits,Prime Video,1988.0,PG-13,
Stevie Nicks - Through The Looking Glass,Prime Video,2013.0,,
Freedom Writers,Prime Video,2007.0,,2.89
Mayhem,Prime Video,2017.0,,2.69
Our Idiot Brother,Prime Video,2011.0,R,3.99
Meet Joe Black,Prime Video,1998.0,,3.79
Blumhouse's Fantasy Island,Prime Video,2020.0,,3.59
Raptor Island,Prime Video,2004.0,,
MI-5,Prime Video,2016.0,R,
Hazlo Como Hombre (English Subtitled),Prime Video,2017.0,R,3.99
America Has Fallen,Prime Video,2016.0,,
SOUTH PARK THE STREAMING WARS,Prime Video,2022.0,,8.79
Hotel Transylvania 3,Prime Video,2018.0,PG,3.99
John Wick: Chapter 4 [4K UHD],4K,,,20.99
True Justice: Angel of Death,Prime Video,2012.0,,
Redemption,Prime Video,2013.0,R,
Fifty Shades Darker (Unrated Version),Prime Video,2017.0,,14.69
The Angry Black Girl and Her Monster,Prime Video,2023.0,,3.99
The Ghost and the Darkness,Prime Video,1996.0,R,
The Replacements,Prime Video,2000.0,PG-13,3.19
Wolves,Prime Video,2014.0,R,
Son of Dracula,Prime Video,1943.0,,3.99
State Property,Prime Video,2002.0,R,
Guardians of the Galaxy Vol. 3 (Includes Bonus Content),Prime Video,2023.0,PG-13,19.99
A Nightmare on Elm Street 3: Dream Warriors,Prime Video,1987.0,R,
I Spit on Your Grave 3,Prime Video,2015.0,R,
Stalking Laura,Prime Video,1993.0,,
A Young Time Ago,Prime Video,2023.0,,
The Goldfinch,Prime Video,2019.0,R,
The Polar Express,Prime Video,2004.0,,3.79
Lonesome Dove Church,Prime Video,2014.0,,
Killer Design,Prime Video,2022.0,,
Baby Shark & More Kids Songs (Little Treehouse),Prime Video,2017.0,,0.99
The Strangers: Prey at Night,Prime Video,2018.0,R,3.79
Get a Job,Prime Video,2016.0,R,3.79
Young Ones,Prime Video,2014.0,R,
Falling For Christmas,Prime Video,2017.0,,
The Elephant in the Living Room,Prime Video,2011.0,PG,
Sleepaway Camp III: Teenage Wasteland,Prime Video,1989.0,R,
Lying Eyes,Prime Video,1996.0,,
Tyler Perry's Good Deeds,Prime Video,2012.0,,
Sleepaway Camp,Prime Video,1983.0,R,
Shut In,Prime Video,2016.0,PG-13,3.59
Wild Bill,Prime Video,1995.0,R,
The Siege of Firebase Gloria,Prime Video,1989.0,R,
Stuck,Prime Video,2008.0,R,
Escape Plan 2: Hades,Prime Video,2018.0,R,
Predator,Prime Video,1987.0,R,3.99
Sebastian Maniscalco: Aren't You Embarrassed?,Prime Video,2014.0,R,
Minions: The Rise of Gru,Prime Video,2022.0,,4.29
The Stepford Wives,Prime Video,2004.0,PG-13,3.99
The Unbinding,Prime Video,2023.0,,3.99
Teenage Mutant Ninja Turtles: Mutant Mayhem | TEEN,Prime Video,2023.0,PG,
True Justice: Lethal Justice,Prime Video,2011.0,,
Deception,Prime Video,2004.0,R,
The Help,Prime Video,2011.0,PG-13,3.99
When Love Happens Again,Prime Video,2016.0,,
Surviving the Outback,Prime Video,2019.0,,
The Wailing,Prime Video,2016.0,,2.99
Scheme Queens,Prime Video,2023.0,,
The House of Secrets,Prime Video,2023.0,,
Black Beach/White Beach,Prime Video,2018.0,,
The Babysitter's Seduction,Prime Video,1996.0,,
True Justice: Angel of Death,Prime Video,2012.0,,
Sylvie's Love,Prime Video,2020.0,,
Tyler Perry's Good Deeds,Prime Video,2012.0,,
Ride Till I Die,Prime Video,2022.0,,
In Hell,Prime Video,2003.0,R,
Killer Design,Prime Video,2022.0,,
The Pink Panther (1963),Prime Video,1964.0,,
Arthur and the Minimoys,Prime Video,2007.0,PG,
I Was There: The Great War Interviews,Prime Video,2014.0,,
Shaquille O'Neal Presents: All Star Comedy Jam - Live From Las Vegas,Prime Video,2014.0,R,
Zero Dark Thirty,Prime Video,2013.0,R,3.99
The Stepford Wives,Prime Video,2004.0,PG-13,3.99
The Man Who Shot Liberty Valance,Prime Video,1962.0,,3.99
The Lost Gardens of Babylon,Prime Video,2014.0,,2.99
"Crazy, Stupid, Love.",Prime Video,2011.0,PG-13,
"Vanished, The",Prime Video,2020.0,R,
Dark Alibi - Sidney Toler As Charlie Chan,Prime Video,1946.0,,2.99
Sylvie's Love,Prime Video,2020.0,,
The Pink Panther (1963),Prime Video,1964.0,,
Arthur and the Minimoys,Prime Video,2007.0,PG,
Double Mommy,Prime Video,2017.0,,2.99
Tender Mercies,Prime Video,1983.0,PG,
Warsaw 44,Prime Video,2014.0,,
Solstice,Prime Video,2008.0,PG-13,
Tyler Perry's Madea's Family Reunion - The Play,Prime Video,2002.0,,4.29
The Cutting Edge,Prime Video,1992.0,,
Blue's Big City Adventure,Prime Video,2022.0,,4.99
SOUND OF FREEDOM BD/DVD DGTL,Blu-ray,,,19.96
Licence to Kill,Prime Video,1989.0,PG-13,
Shin Masked Rider,Prime Video,2023.0,,
Hot Fuzz,Prime Video,2007.0,R,3.79
Free State of Jones,Prime Video,2016.0,R,
Rio 2,Prime Video,2014.0,G,3.29
The Babysitter's Seduction,Prime Video,1996.0,,
Three Days of the Condor (1975),Prime Video,1975.0,R,
State Of Grace,Prime Video,1990.0,R,
First Blood,Prime Video,1982.0,R,3.99
Brown Sugar,Prime Video,2002.0,PG-13,3.99
The House of Secrets,Prime Video,2023.0,,
Scheme Queens,Prime Video,2023.0,,
Top Ten Deadliest Beasts,Prime Video,2019.0,,1.99
X-Men: First Class,Prime Video,2011.0,PG-13,3.79
Match Point,Prime Video,2006.0,R,
Aliens Vs. Predator: Requiem,Prime Video,2007.0,,3.99
In Hell,Prime Video,2003.0,R,
Beverly Hills Cop II,Prime Video,1987.0,R,3.79
Stars Fell on Alabama,Prime Video,2021.0,PG-13,
The Little Mermaid - Bonus X-Ray Edition,Prime Video,2023.0,PG,5.99
Minions,Prime Video,2015.0,PG,3.79
Mousehunt,Prime Video,1997.0,PG,3.99
Rogue Warfare: Death of a Nation,Prime Video,2020.0,R,
Night Hunter,Prime Video,2019.0,R,
A Nanny For Christmas,Prime Video,2010.0,,
I Was There: The Great War Interviews,Prime Video,2014.0,,
The Boss Baby,Prime Video,2017.0,PG,2.89
The Hunted,Prime Video,2003.0,R,
Let There Be Light,Prime Video,2017.0,PG-13,
Love By Accident,Prime Video,2020.0,G,
John Wayne & Maureen O'Hara in McLintock! - The Uncut Classic With Bonus Footage,Prime Video,1963.0,,3.99
Run All Night,Prime Video,2015.0,R,
Thiruchitrambalam,Prime Video,2022.0,,
Shrooms,Prime Video,2008.0,R,2.99
Cartoon Classics - Vol. 3: 25 Favorite Cartoons - 3 Hours,Prime Video,2017.0,PG-13,
Girl with the Dragon Tattoo,Prime Video,2011.0,,3.59
Timeless Love,Prime Video,2019.0,,
Secrets of the Mega Resort,Prime Video,2019.0,,
Aliens Vs. Predator: Requiem,Prime Video,2007.0,,3.99
Pennywise: The Story of IT,Prime Video,2022.0,,
Alpha and Omega 2: A Howl-iday Adventure,Prime Video,2013.0,,
Tyler Perry's Madea's Neighbors From Hell (Play),Prime Video,2014.0,,3.99
Shrek 2,Prime Video,2004.0,PG,3.79
Brooklyn's Finest,Prime Video,2010.0,R,1.99
The Animal,Prime Video,2001.0,PG-13,3.59
The GiggleBellies: Monster Trucks,Prime Video,2019.0,,1.99
X-Men: The Last Stand,Prime Video,2006.0,PG-13,3.79
Night Hunter,Prime Video,2019.0,R,
The Final Say,Prime Video,2023.0,,
Girl with the Dragon Tattoo,Prime Video,2011.0,,3.59
Black Beach/White Beach,Prime Video,2018.0,,
Shrooms,Prime Video,2008.0,R,2.99
Not Without My Daughter,Prime Video,1991.0,PG-13,
Alpha and Omega 2: A Howl-iday Adventure,Prime Video,2013.0,,
Tyler Perry's Madea's Neighbors From Hell (Play),Prime Video,2014.0,,3.99
The Hobbit: The Battle of the Five Armies,Prime Video,2014.0,PG-13,
Shrek 2,Prime Video,2004.0,PG,3.79
Turbo Kid,Prime Video,2015.0,R,1.99
Savannah,Prime Video,2014.0,PG-13,
Brooklyn's Finest,Prime Video,2010.0,R,1.99
Breakheart Pass,Prime Video,1976.0,PG,
Mrs. Palfrey At The Claremont,Prime Video,2008.0,,
CrazySexyCool: The TLC Story,Prime Video,2013.0,,17.99
Airspeed,Prime Video,2004.0,PG,
Kellen Erskine: Zoomed Out,Prime Video,2022.0,,
Cartoon Classics - Vol. 3: 25 Favorite Cartoons - 3 Hours,Prime Video,2017.0,PG-13,
The More You Ignore Me,Prime Video,2020.0,,
Gone Girl,Prime Video,2014.0,R,3.79
Ready Player One,Prime Video,2018.0,PG-13,3.79
Senior Moment,Prime Video,2021.0,,2.99
The strange case of the claustrophobic ghost,Prime Video,2023.0,,
Brotherhood,Prime Video,2011.0,,
Time Simply Passes,Prime Video,2018.0,,
The Way of the West (2011),Prime Video,2011.0,R,
The Autopsy of Jane Doe,Prime Video,2016.0,R,9.99
A Star Is Born (1976),Prime Video,1976.0,R,2.99
Eight Men Out,Prime Video,1988.0,,
The Indian Fighter,Prime Video,1955.0,,
Black Girl Missing,Prime Video,2023.0,,2.99
The Blair Witch Project,Prime Video,1999.0,R,3.99
Unacknowledged: An Expose of the World's Greatest Secret,Prime Video,2017.0,,2.99
Gary Owen: #DoinWhatIDo,Prime Video,2019.0,,
Tyler Perry's Daddy's Little Girls,Prime Video,2007.0,PG-13,
It Follows,Prime Video,2015.0,R,3.99
The Red Violin,Prime Video,1999.0,R,
Legends of Oz: Dorothy's Return,Prime Video,2014.0,PG,
Mem Famous,Prime Video,2023.0,,1.99
A Midsummer Night's Dream,Prime Video,,,
The Final Say,Prime Video,2023.0,,
Relaxing Beach Campfire 8 hours,Prime Video,2017.0,,1.99
Absolutely Anything,Prime Video,2017.0,R,3.99
Princess Caraboo,Prime Video,1994.0,PG,
The More You Ignore Me,Prime Video,2020.0,,
Trial by Fire,Prime Video,2019.0,R,3.79
Breakheart Pass,Prime Video,1976.0,PG,
The Last Keepers,Prime Video,2013.0,PG-13,
Legends of Oz: Dorothy's Return,Prime Video,2014.0,PG,
Secrets of the Mega Resort,Prime Video,2019.0,,
Relaxing Beach Campfire 8 hours,Prime Video,2017.0,,1.99
Blood Father,Prime Video,2016.0,R,
Eden Lake,Prime Video,2008.0,R,
Chato's Land,Prime Video,1972.0,PG,
Night Ambush,Prime Video,1958.0,,
Bongwater,Prime Video,2013.0,R,
A Night To Remember,Prime Video,,,
Masters Of The Universe,Prime Video,1987.0,PG,
Absolutely Anything,Prime Video,2017.0,R,3.99
Big Momma's House 2,Prime Video,2006.0,PG-13,3.59
Run the Race,Prime Video,2019.0,,3.99
I Can Do Bad All By Myself (Stage Play),Prime Video,2002.0,,
Plan A,Prime Video,2022.0,,1.99
The Last Keepers,Prime Video,2013.0,PG-13,
Scary Movie,Prime Video,2000.0,R,
Fright Night (1985),Prime Video,1985.0,,3.59
Horrible Bosses 2,Prime Video,2014.0,R,3.79
Jinkx Monsoon: Red Head Redemption,Prime Video,2023.0,,3.99
Brad Williams Fun Size,Prime Video,2015.0,,1.99
Beyonce & Jay-Z: Power Love,Prime Video,2021.0,,
Christmas on Holly Lane,Prime Video,2018.0,PG,
King Arthur,Prime Video,2004.0,PG-13,3.79
The Hound Of The Baskervilles (1959),Prime Video,1959.0,,
The Inheritance,Prime Video,1997.0,,
Yellowstone Supervolcano,Prime Video,2015.0,,
The Place Beyond The Pines,Prime Video,2013.0,R,3.79
The Hobbit: The Desolation of Smaug,Prime Video,2013.0,PG-13,3.99
Some Kind of Hero,Prime Video,1982.0,R,3.79
Spider-Man: No Way Home (Bonus Content),Prime Video,2021.0,,12.99
Halloween II,Prime Video,1981.0,R,3.99
Leonie,Prime Video,2010.0,PG-13,
Little Shop of Horrors,Prime Video,1986.0,PG-13,
Man of Tai Chi,Prime Video,2013.0,R,
American Ultra,Prime Video,2015.0,R,3.99
Battle for Sevastopol,Prime Video,2016.0,,
Asian Tsunami: The Deadliest Wave,Prime Video,2014.0,,
Renfroe's White Christmas,Prime Video,1997.0,,2.99
Rain Man,Prime Video,1988.0,R,3.89
Madea's Big Happy Family (Play),Prime Video,2010.0,,3.99
The Goonies [4K UHD],4K,,,15.59
Game of Thrones: The Complete Collection [4K UHD],4K,,,119.99
The Players Club,Prime Video,1998.0,,
Munchies,Prime Video,1987.0,PG,
You're Not Alone,Prime Video,2020.0,,
Robo,Prime Video,2020.0,,
Alpha and Omega: Dino Digs,Prime Video,2016.0,,
The Living Daylights,Prime Video,1987.0,PG,3.99
Jim Gaffigan: Noble Ape,Prime Video,2018.0,,
Antwone Fisher,Prime Video,2003.0,PG-13,3.99
Gunless,Prime Video,2010.0,,
A Bold Affair,Prime Video,1998.0,R,
Shania: A Life in Eight Albums,Prime Video,2005.0,,
Death Sentence,Prime Video,2007.0,R,
Tornado Valley,Prime Video,2009.0,,
The Cabin in the Woods,Prime Video,2012.0,R,
Secretary,Prime Video,2002.0,R,
Trial by Fire,Prime Video,2019.0,R,3.79
The Matchmaker's Playbook,Prime Video,2018.0,R,3.99
Anchorman: The Legend of Ron Burgundy,Prime Video,2004.0,,3.99
The Menu,Prime Video,2022.0,R,2.99
The Wizard of Oz,Prime Video,1939.0,G,
Spaceballs,Prime Video,1987.0,PG,3.99
Shutter,Prime Video,2008.0,PG-13,
Invisible Life,Prime Video,2019.0,R,
SECOND CHANCE CHRISTMAS,Prime Video,2017.0,,
The Dark Knight,Prime Video,2008.0,PG-13,3.99
Jeepers Creepers,Prime Video,2001.0,R,
Conan The Barbarian,Prime Video,2011.0,R,
The Silence of the Lambs,Prime Video,1991.0,R,
Prospect,Prime Video,2018.0,R,
Elephants of Kilimanjaro,Prime Video,2022.0,,2.99
The Matrix,Prime Video,1999.0,R,3.99
Call Me: The Rise and Fall of Heidi Fleiss,Prime Video,2004.0,,
Real Crime A Very Special Constable: Nisha Patel,Prime Video,2008.0,,
John Wick,Prime Video,2014.0,R,3.99
Don't Worry Darling,Prime Video,2022.0,R,3.99
The Presidio,Prime Video,1988.0,R,3.79
Lady Mobster,Prime Video,1988.0,,
The Phantom Empire,Prime Video,1989.0,R,
Legend of the Red Dragon,Prime Video,2002.0,,
Conan The Barbarian,Prime Video,2011.0,R,
Annie,Prime Video,2014.0,PG,3.99
Return of Sabata,Prime Video,1972.0,PG,
Koyaanisqatsi,Prime Video,1982.0,,
All About My Mother,Prime Video,2000.0,R,3.59
Shot In The Dark,Prime Video,2022.0,,
Dino Dana The Movie,Prime Video,2020.0,,
Hereditary,Prime Video,2018.0,R,
The Silence of the Lambs,Prime Video,1991.0,R,
The Pink Panther,Prime Video,2006.0,PG,
The Cutting Edge,Prime Video,1992.0,,
All of Me,Prime Video,1984.0,PG,
Crooklyn,Prime Video,1994.0,,3.59
Brad Williams: Daddy Issues,Prime Video,2016.0,,1.99
Khumba,Prime Video,2013.0,,
Black Screen Ocean Waves for Sleep 9 hours,Prime Video,2017.0,,1.99
The Eight Hundred,Prime Video,2020.0,,
Once Upon A Time in the District,Prime Video,,,
The Pink Panther,Prime Video,2006.0,PG,
All About My Mother,Prime Video,2000.0,R,3.59
All of Me,Prime Video,1984.0,PG,
Where the Red Fern Grows,Prime Video,1974.0,,1.99
Crooklyn,Prime Video,1994.0,,3.59
Billy Two Hats,Prime Video,1974.0,PG,
Fire With Fire,Prime Video,2012.0,R,3.99
Pigs,Prime Video,1973.0,R,
The Secret Life of Pets 2,Prime Video,2019.0,PG,3.99
Baby Boom,Prime Video,1987.0,PG,3.89
House of the Rising Sun,Prime Video,2011.0,R,3.79
Noble Intentions,Prime Video,2023.0,,
Field Of Honor (1986),Prime Video,1987.0,R,
Young Guns II,Prime Video,1990.0,PG-13,3.59
The Ash Lad: In Search of the Golden Castle,Prime Video,2017.0,,
Murder on the Orient Express,Prime Video,1974.0,PG,3.29
Go to School and Learn with Blippi,Prime Video,2014.0,,1.99
Super 8,Prime Video,2011.0,,3.79
Armored,Prime Video,2009.0,PG-13,3.99
What Haunts Us,Prime Video,2018.0,,0.99
Greyson Family Christmas,Prime Video,2019.0,,
Brad Williams: Daddy Issues,Prime Video,2016.0,,1.99
Gentle Midnight Rain black screen 9 hours,Prime Video,2017.0,,1.99
The Virgin Suicides,Prime Video,2000.0,R,
The Breed,Prime Video,2007.0,R,
Gray Matter,Prime Video,2023.0,,
Switchback,Prime Video,1997.0,R,3.79
Tremors,Prime Video,1990.0,PG-13,3.79
Fantastic Beasts: The Crimes of Grindelwald,Prime Video,2018.0,PG-13,
Dr. Seuss' The Lorax,Prime Video,2012.0,PG,3.79
Pain & Gain,Prime Video,2013.0,R,3.99
Sleepaway Camp II: Unhappy Campers,Prime Video,1988.0,R,
"I Do, But I Don't",Prime Video,2004.0,PG-13,
The Strange Life of Dr. Frankenstein,Prime Video,2018.0,,
Everything You Always Wanted To Know About Sex * But Were Afraid To Ask,Prime Video,1972.0,R,
Fool's Gold,Prime Video,2008.0,PG-13,
A Rose For Her Grave: The Randy Roth Story,Prime Video,2023.0,,3.09
The Perks Of Being A Wallflower,Prime Video,2012.0,PG-13,
Fifty Shades of Grey (Unrated Edition),Prime Video,2015.0,,3.79
The Wash,Prime Video,2001.0,R,
Yesterday's Children,Prime Video,,,
In Bed with a Killer,Prime Video,2019.0,,1.99
Blackbird,Prime Video,2020.0,R,
As It Happened: Tarawa,Prime Video,2020.0,,2.99
THE HUNGER GAMES,Prime Video,2012.0,PG-13,3.99
Mary Higgins Clark's: I'll Be Seeing You,Prime Video,2004.0,,
Hotel Transylvania,Prime Video,2012.0,PG,3.89
The Croods: A New Age,Prime Video,2020.0,PG,3.79
Knocked Up,Prime Video,2007.0,R,
Live Free or Die Hard,Prime Video,2007.0,PG-13,
Blippi's Snowflake Scavenger Hunt,Prime Video,2014.0,,3.99
Avarice,Prime Video,2022.0,,1.99
Mercenary,Prime Video,1997.0,,
Dressed to Kill,Prime Video,1980.0,R,
Jose Canseco: The Truth Hurts,Prime Video,2016.0,,
Octopussy,Prime Video,1983.0,PG,
Rec 2,Prime Video,2009.0,R,12.99
Late Night,Prime Video,2019.0,R,
Who Made the Potatoe Salad,Prime Video,2006.0,,
Return of Sabata,Prime Video,1972.0,PG,
The Quest,Prime Video,1996.0,PG-13,3.99
Memories,Prime Video,1995.0,,1.99
Tracers,Prime Video,2015.0,PG-13,
Boogie,Prime Video,2021.0,R,
Cantinflas ESP,Prime Video,2014.0,PG,3.99
Exodus: Gods and Kings,Prime Video,2014.0,PG-13,
The Killer,Prime Video,2023.0,,3.99
Stage Mother,Prime Video,2020.0,,
Primal Doubt,Prime Video,2007.0,,
Mistletoe Mixup,Prime Video,2021.0,PG,
Autumn Stables,Prime Video,2018.0,,1.79
The Gift,Prime Video,2001.0,R,
Jesse Stone: Death in Paradise,Prime Video,2006.0,,3.99
Big Momma's House,Prime Video,2000.0,PG-13,
Dead Presidents,Prime Video,1995.0,R,3.79
Beauty Shop,Prime Video,2005.0,PG-13,3.49
JFK: The Smoking Gun,Prime Video,2013.0,,
Monster Island,Prime Video,2009.0,,
Secrets of the Shroud,Prime Video,2005.0,,
Shaft,Prime Video,2000.0,R,3.79
THE LEGEND & BUTTERFLY,Prime Video,2023.0,,
The Nest,Prime Video,2019.0,,
"The British Virgin Islands - Caribbean, Crown and Crab Racing",Prime Video,2018.0,,
Sliver,Prime Video,1993.0,,2.99
Mommy Dead and Dearest,Prime Video,2017.0,,
Erased,Prime Video,2013.0,R,
The Doors,Prime Video,1991.0,,3.99
Beauty And The Beast,Prime Video,2016.0,PG-13,
Kicking And Screaming,Prime Video,2005.0,PG,
True To The Game,Prime Video,2017.0,R,
Harry Potter And The Prisoner Of Azkaban,Prime Video,2004.0,PG,3.79
The Exorcist,Prime Video,1973.0,R,3.99
The Fighter,Prime Video,2010.0,,3.89
Halloween: Resurrection,Prime Video,2002.0,R,2.99
Marineland Carnival with The Munsters TV Cast Members,Prime Video,1965.0,,
Chernobyl Diaries,Prime Video,2012.0,R,
The Reality of Love,Prime Video,2004.0,,
Tyler Perry's A Madea Christmas - The Play,Prime Video,2011.0,,3.99
Harry Potter: The Complete 8-Film Collection [DVD],DVD,,,49.99
The Score,Prime Video,2001.0,R,
Reminiscence,Prime Video,2021.0,PG-13,
Judy,Prime Video,2019.0,PG-13,3.99
Butter (2011),Prime Video,2011.0,R,
Red Wing,Prime Video,2013.0,PG-13,
The Monster Squad,Prime Video,1987.0,PG-13,3.99
Apache Warrior,Prime Video,2017.0,,
The Last House On The Left (Unrated),Prime Video,1972.0,R,
"South Park: Bigger, Longer & Uncut",Prime Video,1999.0,,3.59
Girls Just Want to Have Fun,Prime Video,1985.0,,2.99
Paradise Highway,Prime Video,2022.0,R,
Night Passage,Prime Video,2006.0,,3.59
Bill & Ted's Excellent Adventure,Prime Video,1989.0,PG,
Chef,Prime Video,2014.0,R,
Hello,Prime Video,2022.0,,
Jerry Lewis: The Man Behind the Clown,Prime Video,2016.0,,
Uncle P,Prime Video,2008.0,PG,
The World is Not Enough,Prime Video,1999.0,PG-13,3.89
Furry Vengeance,Prime Video,2010.0,PG,
Hansel & Gretel Get Baked,Prime Video,2013.0,,
Caged Animal,Prime Video,2010.0,R,9.99
The Killing Secret,Prime Video,1997.0,,
Uncle Frank,Prime Video,2020.0,R,
Snoop Dogg's Hood of Horror,Prime Video,2006.0,R,
Foreclosure,Prime Video,2022.0,,
Tyler Perry's Daddy's Little Girls,Prime Video,2007.0,PG-13,
Saw II,Prime Video,2005.0,R,
Romance in Hawaii,Prime Video,2022.0,G,
The Mechanic,Prime Video,1972.0,PG,
Leprechaun 6: Back 2 Tha Hood,Prime Video,2003.0,R,2.99
Doc West,Prime Video,2010.0,PG,
The Monkey King 2,Prime Video,2016.0,,
Hotel Artemis,Prime Video,2018.0,R,
Good Night Oppy,Prime Video,2022.0,PG,
Heavenly Deposit,Prime Video,2019.0,,
The Engagement Ring,Prime Video,2005.0,PG-13,
Romance in the Wilds,Prime Video,2021.0,,
Dinner Rush,Prime Video,2001.0,R,3.99
The Midwife's Deception,Prime Video,2018.0,,1.99
Knives Out,Prime Video,2019.0,PG-13,3.79
My Big Fat Greek Wedding 2,Prime Video,2016.0,PG-13,3.99
Wild Things,Prime Video,1998.0,R,3.59
Four Four Forty Four,Prime Video,2022.0,,
Gaslight (1944),Prime Video,1944.0,,
St. Vincent,Prime Video,2014.0,PG-13,
Everything You Always Wanted To Know About Sex * But Were Afraid To Ask,Prime Video,1972.0,R,
Redeeming Love,Prime Video,2022.0,PG-13,
The Midwife's Deception,Prime Video,2018.0,,1.99
Mythica: A Quest For Heroes,Prime Video,2014.0,,
Uncle Frank,Prime Video,2020.0,R,
Bullet Proof,Prime Video,2022.0,R,
Spirited Away,Prime Video,2003.0,PG,
I Am Dragon,Prime Video,2017.0,,
Hummingbirds,Prime Video,2013.0,,
Who Made the Potatoe Salad?,Prime Video,2006.0,R,
Cahill: U.S. Marshall,Prime Video,1973.0,PG,3.19
Margrete: Queen of the North (English Dub),Prime Video,2021.0,,
Infinite Storm,Prime Video,2022.0,R,1.99
Farah Diba Pahlavi: The Last Princess,Prime Video,2018.0,,
Butter (2011),Prime Video,2011.0,R,
Maze Runner: The Scorch Trials,Prime Video,2015.0,PG-13,3.79
xXx: State of the Union,Prime Video,2005.0,PG-13,
Love's Second Chance,Prime Video,2022.0,,
Murderous Minds - The Iceman,Prime Video,2021.0,,
From Dusk Till Dawn,Prime Video,1996.0,R,
Infinite Storm,Prime Video,2022.0,R,1.99
Journey to the West,Prime Video,2013.0,PG-13,2.99
Double Daddy,Prime Video,2015.0,,2.99
Immortals,Prime Video,2011.0,R,
Redeeming Love,Prime Video,2022.0,PG-13,
Oh My Dog,Prime Video,2022.0,,
Cahill: U.S. Marshall,Prime Video,1973.0,PG,3.19
Scooby-Doo and the Witch's Ghost,Prime Video,1999.0,,
One Winter Weekend,Prime Video,2018.0,,2.99
IT,Prime Video,2017.0,R,3.79
Cowboy And Movie Star,Prime Video,2023.0,G,
Pumpkin Pie Wars,Prime Video,2016.0,,0.99
Project: ALF,Prime Video,1996.0,,
Teen Titans Go! To the Movies,Prime Video,2018.0,PG,3.99
True Justice: Vengeance is Mine,Prime Video,2012.0,,
Camp Cool Kids,Prime Video,2017.0,PG,
Dune (4k Ultra HD + Blu-Ray + Digital) [4K UHD],4K,,,16.99
Universal Classic Monsters: Icons of Horror Collection [4K UHD],4K,,,29.99
Cody Johnson - Dear Rodeo: The Cody Johnson Story,Prime Video,2021.0,,
Scooby-Doo! Camp Scare,Prime Video,2016.0,,3.09
Legend of the Lost Tomb,Prime Video,1997.0,PG,
Joe,Prime Video,2014.0,R,
Stripped: Las Vegas,Prime Video,2021.0,,
Click,Prime Video,2006.0,PG-13,
Sick of Myself,Prime Video,2023.0,,
Insidious: Chapter 2,Prime Video,2013.0,PG-13,
Moonraker,Prime Video,1979.0,PG,
The Sound of 007,Prime Video,2022.0,,
Above Suspicion,Prime Video,2000.0,,
Love Lessons,Prime Video,2000.0,,
The Prestige,Prime Video,2006.0,PG-13,3.79
Spirited Away,Prime Video,2003.0,PG,
Marked for Death,Prime Video,1990.0,R,3.79
Christmas Cartoons: 14 Christmas Cartoon Classics - 2 Hours of Holiday Favorites,Prime Video,2016.0,,
John Grisham's The Rainmaker,Prime Video,1997.0,PG-13,4.29
The Rugrats Movie,Prime Video,1998.0,G,3.99
Jeff Dunham: Minding The Monsters,Prime Video,2012.0,,
Indiana Jones and the Raiders of the Lost Ark,Prime Video,1981.0,PG,3.39
Gifted,Prime Video,2017.0,PG-13,3.99
Christmas on the Bayou,Prime Video,2013.0,,1.99
Universal Classic Monsters: Icons of Horror Collection (The Mummy / The Bride of Frankenstein / Phantom of the Opera / Creature from the Black Lagoon) [4K UHD],4K,,,29.99
Vicky Cristina Barcelona,Prime Video,2008.0,PG-13,3.99
Universal Soldier,Prime Video,1992.0,R,5.99
George and the Dragon,Prime Video,2006.0,PG,
Hummingbirds,Prime Video,2013.0,,
John Wick: Chapter 4 [Blu-ray],Blu-ray,,,19.96
Revenge of the Nerds,Prime Video,1984.0,R,
Padmaavat,Prime Video,2018.0,,
Blood and Chocolate,Prime Video,2007.0,PG-13,
Mythica: A Quest For Heroes,Prime Video,2014.0,,
The Perfect Game,Prime Video,2010.0,PG,2.99
Halloween III: Season of the Witch,Prime Video,1982.0,R,2.99
Sherlock Gnomes,Prime Video,2018.0,PG,3.79
Carmen & Lola,Prime Video,2023.0,,
One Special Night,Prime Video,1999.0,,1.99
Trains: Two Centuries of Innovation,Prime Video,2017.0,,
Courage Mountain,Prime Video,1990.0,PG-13,3.99
Tankers,Prime Video,2018.0,,
The Dark Knight Rises,Prime Video,2012.0,PG-13,
Quarantine,Prime Video,2008.0,R,3.99
Signs,Prime Video,2002.0,PG-13,
Crawlspace,Prime Video,2022.0,R,3.99
The Shootist,Prime Video,1976.0,,3.99
A Tale Of Two Cities,Prime Video,1980.0,,
Ground Control,Prime Video,1999.0,PG-13,
True Grit,Prime Video,2010.0,PG-13,
In The Heat Of The Night (1967),Prime Video,1967.0,,
MYSTERY OF HER,Prime Video,2022.0,,2.99
The Wicker Man (1973),Prime Video,1974.0,R,
TMNT,Prime Video,2007.0,PG,2.89
Secrets of Nazi U-Boat Bases,Prime Video,2019.0,,
Thunderbolt and Lightfoot,Prime Video,1974.0,R,
The Care Bears Movie,Prime Video,1985.0,G,
#Unfit: The Psychology of Donald Trump,Prime Video,2020.0,,0.99
Welcome To Death Row,Prime Video,2022.0,,
The Last Song,Prime Video,,,
Pleasure,Prime Video,2021.0,R,
Bronson,Prime Video,2009.0,R,2.79
Sicario: Day of the Soldado,Prime Video,2018.0,R,2.99
Tyler Perry's Diary of a Mad Black Woman - The Play,Prime Video,2005.0,,3.99
Margrete: Queen of the North (English Dub),Prime Video,2021.0,,
Her Final Fury: The Betty Broderick Story Part II,Prime Video,1992.0,PG-13,
The End Times,Prime Video,2006.0,,
Northanger Abbey,Prime Video,2008.0,PG,3.99
Touchback,Prime Video,2012.0,PG-13,
My Five Wives,Prime Video,2000.0,R,
Decisive Battles of Hitler's War: Normandy to the Rhine,Prime Video,2014.0,,
The Man with the Golden Gun,Prime Video,1974.0,PG,
The Bumble Nums - Season 4,Prime Video,2017.0,,0.99
True Heart,Prime Video,1999.0,PG,
WARNER BROS Live Die Repeat: Edge of Tomorrow (4K Ultra HD + Blu-ray + Digital) [4K UHD],4K,,,16.99
Grave Enounters,Prime Video,2011.0,,
Obsessed,Prime Video,2014.0,,
Transformers: Rise of the Beasts [Blu-ray],Blu-ray,,,24.96
Raazi,Prime Video,2018.0,,
Scales: Mermaids Are Real,Prime Video,2017.0,PG,2.99
High Tension,Prime Video,2005.0,R,
Nerve,Prime Video,2016.0,PG-13,3.99
The Flash (4K Ultra HD + Digital) [4K UHD],4K,,,24.61
Christine,Prime Video,1983.0,R,3.99
Saul: The Journey to Damascus,Prime Video,2014.0,,3.39
Pawn Shop Chronicles,Prime Video,2013.0,R,3.99
Malone,Prime Video,1987.0,R,
Close Encounters of the Fifth Kind: Contact Has Begun,Prime Video,2020.0,,
Accident Man,Prime Video,2018.0,R,
Ladies in Lavender,Prime Video,2005.0,PG-13,4.99
Trust Issues,Prime Video,2022.0,,
Rapture-Palooza,Prime Video,2013.0,R,3.99
Moonshine Highway,Prime Video,1996.0,PG-13,
Erzulie,Prime Video,2022.0,,
The Hobbit: An Unexpected Journey (Extended Edition),Prime Video,2012.0,PG-13,14.99
The Transporter Refueled,Prime Video,2015.0,,3.59
Chasing Papi,Prime Video,2003.0,PG,3.79
SOUTH PARK: POST COVID,Prime Video,2021.0,,7.79
The Fallout,Prime Video,2022.0,R,12.99
The Raven (1963),Prime Video,1963.0,G,
Acquitted by Faith,Prime Video,2020.0,,
1917,Prime Video,2020.0,R,3.79
Buffy the Vampire Slayer,Prime Video,1992.0,PG-13,3.79
The November Man,Prime Video,2014.0,R,2.99
Kathleen Madigan: Madigan Again,Prime Video,2013.0,,
Bronson,Prime Video,2009.0,R,2.79
House,Prime Video,1986.0,R,2.99
The Good Journey,Prime Video,2018.0,,
Mike Paramore: You've Just Been Flirted With,Prime Video,2017.0,,
Casino,Prime Video,1995.0,R,3.79
Galaxy Quest,Prime Video,1999.0,,3.79
Alexander the Great,Prime Video,1956.0,,
"Truly, Madly, Sweetly",Prime Video,2018.0,,
Parkland: Inside Building 12,Prime Video,2018.0,,
10 to Midnight,Prime Video,1983.0,R,
The Cold War - Submarines In Enemy Depths,Prime Video,2002.0,,
Peppa Pig - Pumpkin Party,Prime Video,2019.0,,3.19
Hearts of Winter,Prime Video,2020.0,,2.99
Barbecue,Prime Video,2014.0,,
Swimfan,Prime Video,2002.0,PG-13,3.79
Charming the Hearts of Men,Prime Video,2021.0,,2.99
Why Did I Get Married?,Prime Video,2006.0,,3.99
Zulu,Prime Video,1964.0,,
Sita Ramam,Prime Video,2022.0,,
HBO Comedy Hour: George Carlin: You Are All Diseased,Prime Video,2003.0,,2.99
Miss Dial,Prime Video,2013.0,,
Stigmata,Prime Video,1999.0,R,
Are We Done Yet?,Prime Video,2007.0,PG,3.99
Fist of the Red Dragon,Prime Video,1993.0,R,
Pocahontas: Beyond the Myth,Prime Video,2017.0,,
I Saw the Devil(English Subtitled),Prime Video,2010.0,,2.89
Radio,Prime Video,2003.0,PG,3.99
Crocs of Katuma,Prime Video,2010.0,,2.99
Bulletproof Monk,Prime Video,2003.0,PG-13,
House of Deadly Lies,Prime Video,2023.0,,
Debbie Macomber's Dashing Through the Snow,Prime Video,2015.0,,2.99
The Purge,Prime Video,2013.0,R,3.99
Daybreakers,Prime Video,2010.0,R,
Astonishing Tales of Terror: Rocktapussy!,Prime Video,2022.0,,
The Chinese Ring - Roland Winters As Charlie Chan,Prime Video,1947.0,,
Road House,Prime Video,1989.0,R,3.89
Despicable Me,Prime Video,2010.0,,3.79
Jeff Dunham: Controlled Chaos,Prime Video,2011.0,,
Friday the 13th,Prime Video,2009.0,R,
The Twilight Saga: Eclipse - Extended Edition,Prime Video,2010.0,PG-13,3.79
Navigating The Heart,Prime Video,2000.0,,
Repentance,Prime Video,2013.0,R,3.79
Mariah Carey's All I Want For Christmas Is You,Prime Video,2017.0,G,3.99
Mother's Day,Prime Video,2016.0,PG-13,
Breathless,Prime Video,1983.0,R,
The Warrior Queen of Jhansi,Prime Video,2019.0,R,3.99
Lifeforce,Prime Video,1985.0,R,2.99
Jason Bourne,Prime Video,2016.0,PG-13,3.79
Valley Girl,Prime Video,1983.0,,3.49
Anything Else,Prime Video,2003.0,R,
Bridge of Spies (Theatrical),Prime Video,2015.0,PG-13,3.79
Road to Perdition,Prime Video,2002.0,R,2.99
The Double,Prime Video,2011.0,PG-13,2.99
Hour Of The Gun,Prime Video,1967.0,,
Evil Under the Sun,Prime Video,1982.0,PG,3.99
The Greatest,Prime Video,2009.0,R,
Enemy Lines,Prime Video,2020.0,,
Shattering the Silence,Prime Video,1993.0,,
Mission: Impossible IV - Ghost Protocol,Prime Video,2011.0,PG-13,3.99
The Prince of Egypt,Prime Video,1998.0,PG,2.99
Ice Cream in the Cupboard,Prime Video,2019.0,,
Hellboy: Sword of Storms,Prime Video,2006.0,,
16 and Missing,Prime Video,2015.0,,
Missing In Action,Prime Video,1984.0,R,
Ghostbusters,Prime Video,1984.0,PG,3.59
Chasing Papi,Prime Video,2003.0,PG,3.79
Toby Goes to Camp,Prime Video,2020.0,,
Dragon,Prime Video,2012.0,R,
The Prodigal Planet,Prime Video,1984.0,,
The Hunt for Red October,Prime Video,1990.0,PG,2.89
Rusty,Prime Video,2022.0,,
Watching The Detectives,Prime Video,2007.0,,
Love Comes Softly,Prime Video,2003.0,,
The Dark Side of Everest,Prime Video,1970.0,,
The Secret of Moonacre,Prime Video,2010.0,PG,
Princess Alice: The Queen's Mother-In-Law,Prime Video,2012.0,,
Jurassic World: Fallen Kingdom,Prime Video,2018.0,PG-13,3.79
Nelly & Nadine,Prime Video,2023.0,,2.99
Lethal Legacy,Prime Video,2023.0,,
Moana (Bonus Content),Prime Video,2016.0,PG,9.99
Honey Boy,Prime Video,2019.0,R,
Jumanji: Welcome to the Jungle,Prime Video,2017.0,PG-13,3.59
